,eplenmean,eprew,fps,total_timesteps,policy_loss,value_loss,policy_entropy,approxkl,clipfrac,l2_loss,train_score
0,141.85,2.7,1102,16384.0,-0.00036666868,0.12158833,1.9456013,0.0002935472,0.0,415.48837,3.0
1,285.28,6.8,2795,32768.0,-0.00093654427,0.5202792,1.9439825,0.00062841433,0.0,415.61063,7.0
2,336.48,4.9,2776,49152.0,-0.002078918,0.45526674,1.9256763,0.0048834123,0.0293986,416.10373,6.0
3,372.02,4.3,2725,65536.0,-0.0032657168,0.86608666,1.8992118,0.005707951,0.03220622,416.53732,3.0
4,180.26,4.3,2833,81920.0,-0.0030684161,1.0856594,1.869655,0.004386871,0.031514484,417.0233,3.0
5,134.25,4.2,2851,98304.0,-0.0015676417,1.1808118,1.859872,0.0030299525,0.020589193,417.68494,5.0
6,125.47,5.6,2852,114688.0,-0.0023672853,1.6420366,1.8100728,0.00557434,0.048502605,418.5326,4.0
7,100.45,5.9,2583,131072.0,-0.0017501372,1.8917607,1.781933,0.0039469693,0.031188965,419.2975,7.0
8,88.41,5.0,2487,147456.0,-0.00219237,1.5318217,1.7338495,0.0070503685,0.047058105,420.21652,5.0
9,84.93,4.8,2497,163840.0,-0.0024440868,1.7397422,1.7423873,0.0033338133,0.022989908,421.31284,4.0
10,88.23,6.1,2484,180224.0,-0.002666848,1.5408658,1.7306067,0.004554336,0.03253174,422.39157,7.0
11,88.43,5.6,2643,196608.0,-0.0022415083,1.6236137,1.72308,0.00411907,0.026123047,423.4023,5.0
12,90.34,4.0,2643,212992.0,-0.0029366622,1.38948,1.6962285,0.0054877824,0.043395996,424.76895,3.0
13,72.33,4.9,2770,229376.0,-0.001974842,1.459632,1.6482075,0.00338296,0.02722168,426.2675,4.0
14,71.63,4.8,2671,245760.0,-0.002181976,1.720877,1.5665025,0.0047258907,0.042663574,427.75113,5.0
15,68.95,5.1,2528,262144.0,-0.0009901137,1.6986934,1.6097115,0.0042156223,0.03572591,429.09018,7.0
16,78.02,7.2,2406,278528.0,-0.0029294614,1.5364984,1.5559603,0.004692744,0.03257243,430.42935,8.0
17,73.9,5.1,2494,294912.0,-0.0014200917,1.4715468,1.5317329,0.002507719,0.022277832,431.69785,4.0
18,67.1,4.0,2620,311296.0,-0.0019191103,1.4672412,1.5233253,0.0031499101,0.01936849,433.04614,3.0
19,76.75,4.9,2676,327680.0,-0.002922728,1.5504279,1.4971248,0.0036538893,0.022135416,434.2405,6.0
20,65.47,4.7,2803,344064.0,-0.002460011,1.4751639,1.4921869,0.0036003545,0.02709961,435.43176,6.0
21,68.43,5.7,2584,360448.0,-0.0014825966,1.6093415,1.5092998,0.0032927766,0.019266764,436.5533,6.0
22,59.31,4.2,2441,376832.0,-0.0016389989,1.6461939,1.4247609,0.0022393877,0.013753255,437.6449,6.0
23,58.25,5.6,2437,393216.0,-0.002560019,1.5622047,1.3638171,0.003585971,0.02537028,438.63852,6.0
24,70.36,5.0,2476,409600.0,-0.0021886595,1.7370468,1.3648496,0.0024516534,0.015401204,439.5541,4.0
25,59.87,5.6,2608,425984.0,-0.0024118247,1.676282,1.3296512,0.0028167106,0.025512695,440.6622,5.0
26,68.44,6.0,2616,442368.0,-0.0016687089,1.7636809,1.3306509,0.0020660535,0.013753255,441.665,5.0
27,56.95,6.9,2689,458752.0,-0.0016891999,1.6149617,1.3284546,0.0026409489,0.02126058,442.67715,9.0
28,59.04,6.2,2478,475136.0,-0.0010456537,1.8728408,1.2808884,0.0035397436,0.02738444,443.5889,5.0
29,59.74,6.3,2472,491520.0,-0.0029739467,1.6033837,1.2401972,0.004467853,0.03540039,444.62973,6.0
30,54.44,6.8,2419,507904.0,-0.0020263991,1.9164509,1.2052974,0.0026692776,0.022583008,445.7463,7.0
31,50.66,5.0,2407,524288.0,-0.0018780502,1.9991646,1.1946334,0.0027610247,0.024332682,446.87027,4.0
32,58.35,6.0,2566,540672.0,-0.0016526273,1.8111159,1.1874998,0.0023652643,0.018330893,447.95422,6.0
33,63.39,5.6,2631,557056.0,-0.0027573332,1.7168013,1.2087202,0.0037694536,0.03938802,449.01627,7.0
34,57.56,6.2,2705,573440.0,-0.0021306637,1.6198115,1.1822418,0.003060302,0.026855469,450.05386,6.0
35,53.94,5.7,2466,589824.0,-0.001443101,1.7728094,1.1742028,0.004531946,0.056070965,451.27835,8.0
36,53.86,5.3,2433,606208.0,-0.0029118974,1.6816934,1.1921446,0.004244886,0.039042156,452.61902,4.0
37,51.1,5.9,2415,622592.0,-0.002351962,1.6646057,1.2137324,0.0032417197,0.029154459,453.89474,5.0
38,49.49,6.5,2441,638976.0,-0.0019755326,1.5624782,1.1957237,0.0027939063,0.025838217,454.94583,8.0
39,51.7,6.3,2614,655360.0,-0.002326911,1.6828228,1.1590806,0.0025282896,0.020487467,455.99814,9.0
40,51.86,6.2,2712,671744.0,-0.0022779794,1.5607351,1.1773819,0.002455409,0.016682943,456.92712,6.0
41,45.07,6.5,2583,688128.0,-0.0026589169,1.4588184,1.1836601,0.0033924049,0.033671062,457.88358,7.0
42,54.17,5.3,2439,704512.0,-0.0016197959,1.5740066,1.2140487,0.0036119067,0.039286297,459.0081,5.0
43,75.8,5.5,2415,720896.0,-0.0029027213,1.4038186,1.2369119,0.0038948758,0.032104492,460.05246,5.0
44,54.69,6.9,2465,737280.0,-0.003446411,1.672973,1.1857069,0.0035201486,0.036519367,461.26724,8.0
45,61.03,5.2,2438,753664.0,-0.0024621736,1.7498189,1.1791571,0.0024354735,0.024353027,462.29977,6.0
46,46.8,5.8,2566,770048.0,-0.0013960921,1.690893,1.1395916,0.0026881024,0.024088541,463.3162,4.0
47,56.58,5.8,2650,786432.0,-0.0022248777,1.5050173,1.1375133,0.003582109,0.03800456,464.41016,6.0
48,63.0,5.0,2636,802816.0,-0.0018492175,1.6066903,1.1734371,0.0028071336,0.030131022,465.6499,7.0
49,49.02,5.2,2469,819200.0,-0.002040373,1.6032389,1.153607,0.0030510316,0.026835123,466.68814,5.0
50,57.89,6.4,2405,835584.0,-0.0024587258,1.7755327,1.137515,0.0031527604,0.030375162,467.66727,6.0
51,55.35,6.3,2406,851968.0,-0.0028705345,1.8085293,1.12112,0.0038729573,0.03186035,468.666,5.0
52,53.04,6.0,2422,868352.0,-0.002189255,1.6732354,1.1077005,0.0028099369,0.022928873,469.65646,5.0
53,58.41,6.4,2633,884736.0,-0.0028396167,1.5468264,1.1525722,0.0028680183,0.0252889,470.6122,5.0
54,55.03,7.1,2720,901120.0,-0.0019546691,1.6016158,1.1560484,0.0028961685,0.025248209,471.64844,9.0
55,52.88,5.7,2652,917504.0,-0.0026282165,1.5614748,1.2321401,0.0029715968,0.02976481,472.5005,6.0
56,46.1,6.6,2597,933888.0,-0.0019691498,1.6882621,1.2035359,0.004332495,0.04530843,473.45642,8.0
57,57.46,5.7,2393,950272.0,-0.0022425887,1.5324885,1.1956873,0.0035796084,0.04099528,474.29514,4.0
58,50.52,5.8,2455,966656.0,-0.0036931837,1.6520883,1.1467365,0.0032586225,0.034871418,475.37488,6.0
59,59.03,5.3,2389,983040.0,-0.003063238,1.3991314,1.1649476,0.0037062,0.04329427,476.6578,5.0
60,52.51,7.0,2580,999424.0,-0.0028305862,1.6311151,1.1335459,0.0033843343,0.038085938,477.76038,7.0
61,47.68,6.0,2623,1015808.0,-0.0025823554,1.5304214,1.1450154,0.003229674,0.0345459,478.7308,3.0
62,49.02,6.1,2667,1032192.0,-0.00351651,1.5603672,1.166176,0.0035189951,0.0423584,479.91055,6.0
63,50.52,7.2,2545,1048576.0,-0.003326471,1.4094977,1.1605616,0.0034157615,0.039367676,481.16898,6.0
64,53.18,5.7,2406,1064960.0,-0.0043406137,1.3354225,1.1630468,0.004207986,0.04518636,482.33145,7.0
65,47.16,5.0,2465,1081344.0,-0.0031018227,1.6300836,1.1525987,0.0037346852,0.041971844,483.3766,4.0
66,54.39,6.8,2396,1097728.0,-0.003319418,1.3682288,1.1713061,0.003816021,0.04079183,484.43628,7.0
67,49.59,5.4,2621,1114112.0,-0.002732712,1.6133817,1.1504203,0.003079004,0.03330485,485.47812,6.0
68,48.58,6.1,2663,1130496.0,-0.0026892247,1.6039209,1.1244,0.0050283656,0.06555176,486.5248,5.0
69,48.0,6.4,2697,1146880.0,-0.005085801,1.5313945,1.1232883,0.0045235627,0.061157227,487.62317,7.0
70,55.22,6.0,2482,1163264.0,-0.0020288709,1.5843235,1.1268268,0.0045303903,0.057352703,488.68033,4.0
71,49.35,7.7,2415,1179648.0,-0.0030009814,1.3786212,1.1147486,0.0035552236,0.03922526,489.67484,10.0
72,46.89,5.5,2430,1196032.0,-0.005028827,1.4721886,1.1722856,0.003716291,0.04392497,490.6926,3.0
73,56.31,6.3,2437,1212416.0,-0.0031762144,1.514863,1.1245874,0.0039121914,0.04506429,491.7162,5.0
74,49.38,6.9,2582,1228800.0,-0.0020658232,1.3919467,1.1393955,0.0064475983,0.10089111,492.71,8.0
75,59.63,5.5,2621,1245184.0,-0.0035919165,1.5668875,1.1657792,0.0034013183,0.036295574,493.58817,7.0
76,59.99,6.9,2585,1261568.0,-0.0038139971,1.461154,1.1680784,0.0035065582,0.042114258,494.4802,4.0
77,52.77,6.1,2536,1277952.0,-0.0037915185,1.50427,1.1521908,0.004675868,0.06323242,495.3479,7.0
78,55.38,6.1,2419,1294336.0,-0.0026882447,1.3823838,1.1762867,0.0031135816,0.032735188,496.23862,7.0
79,51.99,6.7,2373,1310720.0,-0.00233589,1.3854972,1.1768172,0.002894438,0.033671062,497.23593,6.0
80,54.53,4.8,2428,1327104.0,-0.0033501387,1.4889406,1.1645962,0.003248282,0.033671062,498.1785,7.0
81,49.68,6.5,2572,1343488.0,-0.004300704,1.5113808,1.1270307,0.003578819,0.042195637,499.1609,7.0
82,51.7,6.8,2669,1359872.0,-0.004058836,1.4267907,1.1239893,0.0040904004,0.053426106,500.28638,8.0
83,53.87,7.5,2710,1376256.0,-0.0037885976,1.5823212,1.1008381,0.0036014875,0.04630534,501.38184,8.0
84,50.69,6.7,2465,1392640.0,-0.0045471196,1.5366831,1.0810856,0.004400377,0.06514486,502.35034,8.0
85,53.37,6.7,2443,1409024.0,-0.002925968,1.4116336,1.1095726,0.003291566,0.040161133,503.29248,6.0
86,53.0,7.1,2417,1425408.0,-0.0038534068,1.5698498,1.103203,0.0035353813,0.047342937,504.22073,8.0
87,49.02,5.4,2421,1441792.0,-0.004569026,1.6622596,1.0900142,0.0034604603,0.043823242,505.1152,8.0
88,50.97,6.5,2591,1458176.0,-0.0029111896,1.5167809,1.1054078,0.0042452733,0.057576496,506.10132,8.0
89,48.83,6.6,2698,1474560.0,-0.003413799,1.5730705,1.1188744,0.0031916432,0.041015625,506.94516,5.0
90,47.53,5.2,2646,1490944.0,-0.004189173,1.5425423,1.1191769,0.0033702988,0.045735676,507.73416,5.0
91,48.04,7.5,2516,1507328.0,-0.0033314077,1.4732237,1.065555,0.00312149,0.040445965,508.60568,7.0
92,51.32,6.5,2458,1523712.0,-0.002159708,1.3621081,1.1045011,0.0046069003,0.0651652,509.47696,8.0
93,53.84,6.4,2431,1540096.0,-0.0025708454,1.3161916,1.103904,0.0033854786,0.04465739,510.35,7.0
94,53.69,6.8,2406,1556480.0,-0.0051114056,1.2691008,1.1251634,0.0038423624,0.05501302,511.21838,8.0
95,49.61,6.7,2592,1572864.0,-0.004265168,1.343428,1.097556,0.004971522,0.069620766,512.1323,7.0
96,55.81,6.4,2698,1589248.0,-0.0043502487,1.3137115,1.2009251,0.0037330864,0.051330566,512.95544,6.0
97,56.0,7.4,2805,1605632.0,-0.0014824923,1.3606552,1.1822197,0.0041147717,0.058654785,513.77075,6.0
98,45.58,7.0,2535,1622016.0,-0.00471478,1.336875,1.2377483,0.004656526,0.07029215,514.5605,5.0
99,53.45,7.6,2479,1638400.0,-0.005812406,1.2074577,1.1913803,0.0047173155,0.071268715,515.517,7.0
100,58.82,5.5,2410,1654784.0,-0.005093339,1.2421598,1.2148355,0.0037554756,0.05263265,516.5778,3.0
101,58.68,6.4,2454,1671168.0,-0.004514091,1.3088437,1.2027351,0.0049017905,0.07354736,517.6159,4.0
102,48.4,6.4,2620,1687552.0,-0.005603286,1.3646812,1.1908094,0.003786957,0.057006836,518.6489,8.0
103,51.06,6.9,2672,1703936.0,-0.0029973045,1.3686372,1.1882898,0.003948175,0.05751546,519.63257,8.0
104,58.14,6.5,2752,1720320.0,-0.0046447692,1.3661884,1.2081269,0.005159275,0.0793457,520.63617,8.0
105,54.24,7.6,2566,1736704.0,-0.0046093576,1.3621362,1.1770443,0.005525905,0.08970133,521.62335,7.0
106,42.04,6.6,2411,1753088.0,-0.004498125,1.342884,1.1902514,0.0041408245,0.0587972,522.6307,6.0
107,50.79,5.9,2423,1769472.0,-0.00518153,1.3803073,1.1787027,0.0042051137,0.06081136,523.5818,7.0
108,53.58,6.4,2427,1785856.0,-0.003525382,1.3513185,1.1761938,0.004426492,0.063456215,524.5185,8.0
109,47.19,6.6,2591,1802240.0,-0.0034852845,1.3180681,1.1704613,0.004359502,0.065389,525.3201,7.0
110,48.79,6.9,2748,1818624.0,-0.0051262397,1.3639435,1.1085309,0.0051232255,0.08152262,526.2319,10.0
111,48.42,6.4,2675,1835008.0,-0.005093733,1.2505398,1.1095177,0.0041298377,0.06028239,527.3354,5.0
112,54.8,7.0,2519,1851392.0,-0.0050694705,1.4276553,1.1177384,0.004537003,0.07010905,528.2514,7.0
113,51.42,6.3,2424,1867776.0,-0.004046049,1.2443622,1.1792344,0.0032004842,0.046366375,529.1871,7.0
114,57.19,5.4,2435,1884160.0,-0.0043738983,1.4134489,1.1590513,0.0037378725,0.053649902,529.90607,6.0
115,55.38,5.6,2418,1900544.0,-0.0033243448,1.3296224,1.1218475,0.004472437,0.07047526,530.7807,4.0
116,47.86,6.2,2594,1916928.0,-0.003700578,1.3257614,1.1480268,0.0035961578,0.050476074,531.7203,5.0
117,49.75,5.6,2729,1933312.0,-0.0036050288,1.5374227,1.1299433,0.004417289,0.06795248,532.49066,8.0
118,57.15,6.4,2718,1949696.0,-0.0027793057,1.4346935,1.1169024,0.003499333,0.04897054,533.23254,7.0
119,57.67,7.2,2496,1966080.0,-0.003440814,1.3301088,1.1354383,0.003520454,0.051086426,533.9701,7.0
120,59.0,6.8,2458,1982464.0,-0.0050128438,1.2354774,1.1748775,0.0041037234,0.06829834,534.814,7.0
121,50.47,7.3,2460,1998848.0,-0.0048805405,1.1870171,1.1642591,0.004649622,0.07863363,535.7046,8.0
122,52.65,6.7,2433,2015232.0,-0.0031618348,1.4028882,1.1483206,0.0037374655,0.05348714,536.58057,4.0
123,54.24,5.4,2561,2031616.0,-0.00391087,1.4009596,1.1619548,0.0040740874,0.061340332,537.22455,6.0
124,52.6,6.1,2603,2048000.0,-0.0031805083,1.3635639,1.116995,0.0047588297,0.075520836,538.10504,6.0
125,53.18,7.1,2680,2064384.0,-0.0026252286,1.3284588,1.110668,0.0038312005,0.06166585,538.8992,7.0
126,56.52,6.9,2481,2080768.0,-0.006603477,1.339962,1.1254877,0.0046394356,0.07501221,539.7542,5.0
127,47.31,6.2,2468,2097152.0,-0.0038978464,1.3616091,1.1124009,0.004320813,0.06982422,540.72144,7.0
128,56.14,6.3,2463,2113536.0,-0.005411194,1.2361301,1.0785369,0.0037483014,0.054138184,541.68445,8.0
129,52.84,7.0,2457,2129920.0,-0.0038549544,1.3924705,1.0757493,0.003374897,0.05041504,542.47974,6.0
130,57.04,7.7,2588,2146304.0,-0.0047550127,1.1309737,1.1064087,0.0044426075,0.071024574,543.26373,7.0
131,52.55,7.4,2674,2162688.0,-0.004489493,1.3867747,1.1033899,0.004890345,0.08048502,544.08624,6.0
132,56.3,6.5,2732,2179072.0,-0.0038307698,1.3406053,1.1271085,0.003219019,0.047627766,544.80505,8.0
133,57.01,6.1,2588,2195456.0,-0.0037712604,1.3241377,1.1173295,0.004870881,0.0832723,545.53516,4.0
134,54.4,7.0,2435,2211840.0,-0.0049902527,1.2242998,1.1016425,0.0034044757,0.05501302,546.3588,8.0
135,55.42,6.5,2406,2228224.0,-0.0040345425,1.4186864,1.0416663,0.0031286012,0.046447754,547.1594,8.0
136,49.78,6.2,2452,2244608.0,-0.0042473185,1.4047685,1.0807005,0.0034341754,0.05411784,547.96576,6.0
137,55.22,7.6,2604,2260992.0,-0.0059575047,1.2053252,1.0526731,0.0039753965,0.06756592,548.802,7.0
138,52.55,6.7,2698,2277376.0,-0.005153802,1.2973878,1.0629673,0.0032700067,0.05029297,549.5419,6.0
139,53.38,6.3,2733,2293760.0,-0.0036545617,1.4152322,1.0907149,0.0040565096,0.06719971,550.24603,8.0
140,53.53,6.4,2497,2310144.0,-0.004669922,1.3814726,1.059621,0.004213879,0.0707194,551.0147,5.0
141,58.95,7.2,2447,2326528.0,-0.00513762,1.2454933,1.1000896,0.0038679298,0.06282552,551.6862,7.0
142,45.25,7.0,2464,2342912.0,-0.004861863,1.2015713,1.0796498,0.0048727845,0.08251953,552.40765,6.0
143,56.73,8.0,2425,2359296.0,-0.005910722,1.282399,0.99686265,0.003844436,0.065205894,553.2761,8.0
144,52.95,6.9,2569,2375680.0,-0.0043184706,1.3412495,1.0469321,0.005055374,0.08791097,554.2614,8.0
145,56.6,8.0,2682,2392064.0,-0.0033375348,1.2824907,1.0367883,0.0037216304,0.06097412,555.06537,9.0
146,53.76,6.8,2686,2408448.0,-0.0045980625,1.3135322,1.0468124,0.0043466757,0.07456461,555.8467,4.0
147,48.18,6.9,2552,2424832.0,-0.0054144785,1.2214888,1.0069003,0.0041018347,0.069132484,556.67487,7.0
148,56.14,5.9,2441,2441216.0,-0.0043035564,1.2659369,1.049337,0.0045068017,0.0803833,557.5083,5.0
149,52.52,4.9,2456,2457600.0,-0.0025264064,1.4573203,1.0824729,0.0037393367,0.06056722,558.2953,5.0
150,48.21,7.4,2439,2473984.0,-0.0031459567,1.3248317,1.0356537,0.0038950436,0.06728109,559.06415,8.0
151,58.77,6.5,2589,2490368.0,-0.0035400987,1.3170896,1.099322,0.0041531636,0.0707194,559.8105,3.0
152,58.32,6.3,2686,2506752.0,-0.002510864,1.57771,1.1343071,0.0045605605,0.075236,560.5064,6.0
153,51.82,7.0,2685,2523136.0,-0.0021558509,1.3895098,1.0828549,0.004339463,0.07271322,561.1124,7.0
154,55.97,7.2,2480,2539520.0,-0.0031772333,1.2655554,1.106146,0.0054289647,0.09598795,561.67847,5.0
155,49.18,7.2,2493,2555904.0,-0.0042006685,1.1823902,1.1276227,0.0034509003,0.058044434,562.2861,8.0
156,59.72,6.3,2445,2572288.0,-0.0027656865,1.323291,1.1787282,0.0041767163,0.069376625,562.85406,6.0
157,50.01,7.3,2487,2588672.0,-0.0049022804,1.0754999,1.1563963,0.0049140984,0.08797201,563.5231,6.0
158,56.21,6.5,2611,2605056.0,-0.004122742,1.4154915,1.144281,0.0044884756,0.07661947,564.16766,5.0
159,58.98,7.2,2711,2621440.0,-0.0049035545,1.1653488,1.150602,0.0040786155,0.0707194,564.7941,9.0
160,52.26,6.9,2704,2637824.0,-0.005733525,1.2112929,1.1719474,0.004650642,0.08416748,565.4041,9.0
161,58.77,7.4,2496,2654208.0,-0.006460307,1.2977897,1.1495452,0.004200315,0.07611084,566.06586,8.0
162,60.12,6.5,2488,2670592.0,-0.0026216283,1.2782987,1.2122682,0.0043992517,0.07773844,566.83136,5.0
163,56.69,7.9,2417,2686976.0,-0.0049018576,1.1570629,1.1545964,0.004141148,0.07204183,567.62585,7.0
164,52.1,7.7,2450,2703360.0,-0.0048373328,1.0929936,1.1576005,0.004349608,0.076944984,568.42883,8.0
165,62.58,5.3,2636,2719744.0,-0.0046065478,1.2812408,1.1841232,0.005029905,0.087646484,569.15936,6.0
166,64.72,7.3,2651,2736128.0,-0.0053552273,1.1044022,1.1966006,0.0047351625,0.08502197,569.845,8.0
167,63.93,7.0,2692,2752512.0,-0.0033271026,1.1417497,1.249625,0.00413468,0.071370445,570.4956,6.0
168,71.67,5.4,2464,2768896.0,-0.006257676,1.1404668,1.220036,0.004132127,0.07421875,571.1326,7.0
169,62.92,6.6,2426,2785280.0,-0.004986567,1.1277579,1.1795436,0.0045263786,0.08066813,571.80817,7.0
170,61.77,6.5,2431,2801664.0,-0.004927509,1.2373115,1.1851493,0.0037781012,0.067118324,572.3521,8.0
171,58.5,7.3,2436,2818048.0,-0.0054067574,1.1945407,1.1138935,0.0049496167,0.09313965,573.19806,7.0
172,55.09,8.2,2638,2834432.0,-0.005648593,1.1932336,1.1641877,0.005226298,0.098490395,574.02094,8.0
173,66.5,6.7,2682,2850816.0,-0.004798679,1.4257153,1.15247,0.0042774654,0.08030192,574.7438,7.0
174,61.09,7.0,2642,2867200.0,-0.0055327583,1.2577928,1.1761653,0.0042522657,0.081726074,575.41693,9.0
175,55.64,6.7,2500,2883584.0,-0.0038445918,1.2492479,1.1707956,0.0034313474,0.058492023,576.11725,8.0
176,55.64,6.7,2430,2899968.0,-0.005815375,1.1432611,1.1588169,0.003864336,0.06803385,576.8183,7.0
177,60.55,7.6,2406,2916352.0,-0.0053410283,1.0964936,1.168096,0.004208623,0.0785319,577.54236,8.0
178,58.67,7.1,2449,2932736.0,-0.005565698,1.255598,1.1589476,0.004277956,0.07938639,578.2734,7.0
179,53.74,5.6,2571,2949120.0,-0.004621615,1.0918789,1.1725646,0.0035669676,0.063557945,578.91876,6.0
180,60.01,6.4,2670,2965504.0,-0.0059033777,1.1322821,1.1789366,0.0042703855,0.08215332,579.6069,4.0
181,60.92,6.9,2701,2981888.0,-0.0070538265,1.0799605,1.2332925,0.0040159957,0.075541176,580.31525,8.0
182,60.87,6.5,2454,2998272.0,-0.006152114,1.1935575,1.2466469,0.0045760903,0.08603922,581.08075,6.0
183,56.61,6.7,2490,3014656.0,-0.007500565,0.99489206,1.2630293,0.0053932704,0.10697428,581.9321,6.0
184,57.9,7.3,2415,3031040.0,-0.005902041,0.9206641,1.2673571,0.004436637,0.08150228,582.65326,6.0
185,68.7,7.0,2410,3047424.0,-0.0054331175,0.99522734,1.2582242,0.0039602616,0.073791504,583.31024,9.0
186,58.69,7.3,2669,3063808.0,-0.0072164685,1.1267136,1.2529374,0.005125543,0.09922282,584.05115,8.0
187,59.99,7.0,2668,3080192.0,-0.007034864,1.1083511,1.2090667,0.0047631133,0.088521324,585.10114,8.0
188,64.46,6.8,2723,3096576.0,-0.0064479634,0.9366598,1.2605491,0.005398177,0.108805336,585.9752,6.0
189,68.26,7.1,2621,3112960.0,-0.005538203,0.9883838,1.2773024,0.0065109823,0.1318156,586.65216,7.0
190,64.4,7.4,2454,3129344.0,-0.005384601,1.0820984,1.284726,0.004718836,0.09151205,587.3082,8.0
191,65.29,6.5,2449,3145728.0,-0.007580422,1.0373474,1.2654449,0.004880943,0.09816488,587.94824,8.0
192,63.63,5.9,2371,3162112.0,-0.0059051453,1.1084858,1.2383357,0.005140863,0.09710693,588.726,8.0
193,64.05,6.4,2562,3178496.0,-0.0072767474,1.032727,1.2513255,0.0042830836,0.08506266,589.4346,5.0
194,67.97,6.9,2690,3194880.0,-0.0044814725,0.9672918,1.2854339,0.005065702,0.104146324,590.12604,6.0
195,59.52,6.1,2645,3211264.0,-0.0066529377,1.0253339,1.3022429,0.003957244,0.07802328,590.72876,5.0
196,58.29,7.8,2454,3227648.0,-0.007898417,0.999234,1.269535,0.0046709725,0.09490967,591.3742,6.0
197,74.57,7.1,2446,3244032.0,-0.0055420236,1.1269716,1.2519307,0.0053643603,0.11024984,592.1597,8.0
198,58.47,6.2,2419,3260416.0,-0.0044939993,1.3366703,1.244742,0.005291929,0.10768636,592.9096,7.0
199,57.76,7.2,2470,3276800.0,-0.007370321,0.96091056,1.2488009,0.0042599854,0.08502197,593.5704,7.0
200,70.74,6.7,2652,3293184.0,-0.009210438,1.0238575,1.2878221,0.0050647245,0.103515625,594.4097,7.0
201,58.1,7.8,2716,3309568.0,-0.00789054,0.88707167,1.3034048,0.005523807,0.11391195,595.34393,8.0
202,76.33,6.8,2811,3325952.0,-0.0068255537,1.0021542,1.2910185,0.004973057,0.103027344,596.1624,8.0
203,67.87,6.8,2524,3342336.0,-0.0077720396,0.99861056,1.286739,0.005635089,0.11643473,596.855,6.0
204,90.96,6.8,2465,3358720.0,-0.007839886,0.9057035,1.3339043,0.0052404706,0.11088053,597.67206,7.0
205,80.49,7.1,2436,3375104.0,-0.004491889,0.8901147,1.3470745,0.005055453,0.103881836,598.42365,7.0
206,51.42,6.2,2449,3391488.0,-0.0045148903,1.1039063,1.2926098,0.0039427294,0.07602946,599.0304,7.0
207,72.55,6.9,2604,3407872.0,-0.00542865,0.90965,1.2711487,0.0043773404,0.08616129,599.64764,7.0
208,67.04,6.3,2724,3424256.0,-0.0037997107,1.1003858,1.2949274,0.0044795023,0.089253746,600.16925,9.0
209,87.7,7.2,2704,3440640.0,-0.004899806,0.956327,1.3107923,0.005103034,0.108662926,600.7982,7.0
210,58.91,6.4,2547,3457024.0,-0.0069036,0.9435098,1.2851621,0.005271716,0.11027018,601.53516,6.0
211,68.19,6.6,2472,3473408.0,-0.006339409,1.1172985,1.3000551,0.004345654,0.08418783,602.3033,8.0
212,89.65,6.3,2472,3489792.0,-0.004460936,1.0238206,1.3391942,0.0052432083,0.10687256,603.0815,8.0
213,65.03,6.2,2502,3506176.0,-0.0063938512,0.8265135,1.3392702,0.005166593,0.11175537,603.79706,8.0
214,84.47,6.7,2673,3522560.0,-0.007389454,0.9344804,1.3957658,0.005202943,0.11061605,604.5291,7.0
215,132.06,6.0,2754,3538944.0,-0.0075188656,0.8909554,1.3353974,0.004587457,0.09568278,605.2863,6.0
216,67.19,6.8,2746,3555328.0,-0.008490595,0.88312477,1.3387038,0.004431315,0.093444824,606.0078,8.0
217,57.73,6.6,2597,3571712.0,-0.008832409,1.0150906,1.3449211,0.00502085,0.1011556,606.7233,7.0
218,79.68,6.8,2482,3588096.0,-0.0057863253,0.9355126,1.352393,0.0052616433,0.110575356,607.45807,6.0
219,82.76,7.9,2471,3604480.0,-0.007914914,0.78573227,1.3415111,0.005194579,0.10965983,608.1168,9.0
220,60.8,7.8,2456,3620864.0,-0.0055880225,1.0323137,1.2870232,0.0042813052,0.08797201,608.7649,9.0
221,74.61,6.9,2593,3637248.0,-0.006452637,0.9940426,1.2694008,0.00403802,0.08504232,609.30475,5.0
222,67.89,7.1,2753,3653632.0,-0.0075082574,0.9426388,1.3178908,0.0040377737,0.08312988,609.92773,6.0
223,65.58,7.5,2755,3670016.0,-0.0055500832,0.7675357,1.4021316,0.0053192955,0.11558024,610.7448,8.0
224,77.1,6.4,2638,3686400.0,-0.009428825,0.8332104,1.4077908,0.005551038,0.12225342,611.585,5.0
225,74.91,6.9,2512,3702784.0,-0.0036221242,0.86819774,1.4238663,0.005969755,0.13326009,612.5655,8.0
226,96.18,6.5,2482,3719168.0,-0.005630649,0.75499296,1.4558325,0.003907773,0.08280436,613.30023,6.0
227,80.23,6.6,2493,3735552.0,-0.0055449638,0.83641475,1.4213859,0.005070184,0.11580404,613.96564,6.0
228,59.35,6.8,2609,3751936.0,-0.0071970583,0.9354206,1.377756,0.003945265,0.08076986,614.6799,8.0
229,98.02,8.3,2702,3768320.0,-0.007030362,0.76459646,1.3881158,0.004606103,0.098734535,615.4699,9.0
230,80.68,7.3,2762,3784704.0,-0.0057391264,0.6714347,1.4293628,0.0051076207,0.11265055,616.2969,9.0
231,79.64,7.1,2510,3801088.0,-0.008207933,0.835429,1.3927873,0.0044305725,0.09688314,617.0284,8.0
232,100.68,7.1,2474,3817472.0,-0.0071554943,0.878246,1.3498969,0.004417344,0.095336914,617.7746,8.0
233,71.94,7.7,2426,3833856.0,-0.008231455,0.7322344,1.417996,0.0052037355,0.114705406,618.46124,9.0
234,92.15,6.0,2446,3850240.0,-0.006175818,0.92498946,1.4609948,0.004259595,0.09082031,619.13086,10.0
235,100.89,7.3,2591,3866624.0,-0.0066945157,0.6893563,1.4453068,0.005219569,0.1182251,619.7422,9.0
236,94.07,7.3,2683,3883008.0,-0.008565679,0.58770865,1.4718806,0.0053404723,0.12054443,620.51215,8.0
237,81.02,7.4,2724,3899392.0,-0.0070923828,0.6752722,1.4511771,0.005354486,0.12237549,621.32965,8.0
238,65.7,6.0,2541,3915776.0,-0.00553235,0.7611219,1.4797096,0.0043985792,0.09731039,621.9967,4.0
239,91.68,6.8,2559,3932160.0,-0.007876168,0.538561,1.5130109,0.004832691,0.10481771,622.6899,4.0
240,110.3,6.8,2495,3948544.0,-0.009968645,0.6366443,1.4802904,0.0064264718,0.14912923,623.61584,4.0
241,123.4,6.3,2478,3964928.0,-0.00828226,0.60884196,1.4995259,0.0055900854,0.118021645,624.63165,4.0
242,170.91,5.9,2768,3981312.0,-0.006725661,0.59275544,1.520472,0.00565297,0.12750244,625.5717,4.0
243,116.85,6.0,2896,3997696.0,-0.007690353,0.50085884,1.5308198,0.0053188503,0.11454264,626.49286,4.0
244,123.75,5.8,2860,4014080.0,-0.008356919,0.49599397,1.5023088,0.0053230994,0.119262695,627.2818,4.0
245,130.76,5.5,2573,4030464.0,-0.008917146,0.58781856,1.4887747,0.0047414894,0.10687256,628.2457,4.0
246,109.04,6.9,2529,4046848.0,-0.00935408,0.5913889,1.4771382,0.005537844,0.12302653,629.0753,7.0
247,110.34,6.9,2619,4063232.0,-0.007722378,0.51893556,1.5059234,0.0045405226,0.10083008,629.90643,8.0
248,99.31,6.9,2539,4079616.0,-0.008882549,0.55923885,1.5003115,0.0054170303,0.120524086,630.6716,7.0
249,91.42,6.3,2740,4096000.0,-0.0069989692,0.69003534,1.5043721,0.0050044386,0.11378988,631.50354,6.0
250,118.68,7.3,2914,4112384.0,-0.0072312076,0.645595,1.456412,0.003932278,0.08544922,632.2653,9.0
251,70.61,8.5,2758,4128768.0,-0.0062098014,0.7454305,1.4156036,0.0038692767,0.08343506,632.9569,9.0
252,88.52,8.3,2635,4145152.0,-0.008525486,0.75674516,1.3935786,0.0037108175,0.08093262,633.70435,6.0
253,75.0,6.8,2446,4161536.0,-0.0071913344,0.71364564,1.4468951,0.0044968096,0.10123698,634.4288,5.0
254,96.84,6.4,2478,4177920.0,-0.0057163914,0.8035744,1.4145513,0.004321883,0.095214844,635.07294,7.0
255,91.27,7.7,2415,4194304.0,-0.0068631824,0.6343082,1.4165789,0.003708301,0.08390299,635.73395,9.0
256,97.2,6.3,2732,4210688.0,-0.006471491,0.75815105,1.4109892,0.00471298,0.10371908,636.38513,7.0
257,80.25,6.6,2827,4227072.0,-0.005878867,0.64277846,1.4655393,0.0042863325,0.09877523,637.18243,10.0
258,75.91,6.3,2881,4243456.0,-0.0069361776,0.5230784,1.4721719,0.004983906,0.1153361,637.9679,5.0
259,84.94,6.2,2584,4259840.0,-0.0040658307,0.8006548,1.4311415,0.004177798,0.09360758,638.7429,5.0
260,116.54,6.5,2526,4276224.0,-0.00692309,0.656434,1.4218096,0.0038077629,0.08496094,639.34344,4.0
261,79.11,6.9,2455,4292608.0,-0.006077359,1.0965186,1.3355197,0.004203607,0.10369873,640.08844,7.0
262,66.62,7.0,2510,4308992.0,-0.0064523127,0.9508051,1.3178997,0.004423183,0.10498047,640.7386,7.0
263,55.5,7.2,2624,4325376.0,-0.0071190377,0.8030456,1.3111615,0.004441202,0.109069824,641.331,7.0
264,66.14,7.3,2795,4341760.0,-0.007539185,0.7909241,1.3178707,0.004388137,0.10121664,642.0839,8.0
265,77.62,6.9,2748,4358144.0,-0.0065333615,0.7672463,1.3548447,0.003909303,0.08744303,642.7652,6.0
266,56.94,7.1,2583,4374528.0,-0.0070391684,0.8056343,1.3786196,0.004818783,0.110432945,643.3311,5.0
267,87.0,6.9,2539,4390912.0,-0.007093495,0.8895807,1.3831291,0.004319891,0.10434977,643.9622,6.0
268,92.15,6.7,2486,4407296.0,-0.0053899735,0.97469383,1.3373996,0.0042667123,0.10479736,644.6174,7.0
269,83.71,6.6,2458,4423680.0,-0.0070990617,0.9019292,1.287578,0.003483624,0.080973305,645.0788,7.0
270,62.47,6.0,2633,4440064.0,-0.008194824,0.90848523,1.3508248,0.004178604,0.096639,645.513,6.0
271,68.2,6.6,2801,4456448.0,-0.007706661,0.81038004,1.3356439,0.0042516366,0.09820557,646.0951,9.0
272,60.74,5.1,2796,4472832.0,-0.004707605,1.1196921,1.3723708,0.0039472994,0.09360758,646.83466,5.0
273,56.34,6.8,2526,4489216.0,-0.005524199,0.8249516,1.3138332,0.0041247006,0.09720866,647.38104,4.0
274,64.71,6.5,2410,4505600.0,-0.0056283562,0.9607894,1.2225044,0.003758506,0.0877889,647.9624,4.0
275,61.55,6.2,2430,4521984.0,-0.0057371617,0.91858274,1.2355568,0.0039434517,0.09625244,648.59827,3.0
276,68.87,7.1,2405,4538368.0,-0.007156679,0.9807702,1.198916,0.003999546,0.09739176,649.30444,9.0
277,70.53,6.6,2630,4554752.0,-0.0060751196,1.0111624,1.2599472,0.0039748694,0.09631348,650.02625,6.0
278,67.56,7.6,2619,4571136.0,-0.0063912165,0.933605,1.2213867,0.0037905276,0.08815511,650.6462,9.0
279,67.68,7.1,2645,4587520.0,-0.0058715516,1.0406567,1.2399808,0.0030189285,0.071777344,651.2443,9.0
280,60.99,6.6,2557,4603904.0,-0.0049254415,0.97465855,1.2803303,0.0035561624,0.08905029,651.8081,8.0
281,61.59,7.0,2409,4620288.0,-0.0069916174,0.90078014,1.2653041,0.004015122,0.10119629,652.3569,8.0
282,85.81,6.1,2481,4636672.0,-0.005371384,0.8345435,1.319466,0.0031575572,0.076924644,652.8485,7.0
283,85.66,6.7,2425,4653056.0,-0.0073418356,0.8074797,1.297895,0.0043335226,0.10469564,653.34875,6.0
284,71.51,7.3,2616,4669440.0,-0.007242056,0.7571805,1.319431,0.0043808236,0.10959879,653.9311,9.0
285,74.25,7.7,2823,4685824.0,-0.007796239,0.699135,1.320994,0.0045419014,0.11907959,654.62476,10.0
286,55.2,6.6,2810,4702208.0,-0.0071359337,0.902482,1.3635751,0.0039964938,0.09975179,655.39233,6.0
287,54.69,7.7,2589,4718592.0,-0.007044727,0.7854798,1.3664864,0.00406131,0.10056559,656.0808,6.0
288,71.11,7.2,2498,4734976.0,-0.008181264,0.87659603,1.3450228,0.0046111466,0.12036133,656.71466,8.0
289,67.52,7.6,2458,4751360.0,-0.0036835072,0.814424,1.3158745,0.004744346,0.12074789,657.35175,8.0
290,71.0,8.0,2438,4767744.0,-0.007640499,0.83283395,1.3376294,0.0040809093,0.104166664,657.9403,9.0
291,56.61,7.4,2634,4784128.0,-0.0073616486,0.74324507,1.3475156,0.004239242,0.11236572,658.5933,10.0
292,99.69,7.4,2746,4800512.0,-0.008590024,0.7554458,1.3112382,0.0042625815,0.10498047,659.2153,7.0
293,66.72,6.6,2713,4816896.0,-0.0071346737,1.0538034,1.255474,0.004228599,0.10913086,659.9638,7.0
294,70.64,6.8,2500,4833280.0,-0.009884113,0.83972186,1.3004773,0.0040213745,0.10121664,660.7246,7.0
295,81.16,6.5,2407,4849664.0,-0.008095319,0.8994011,1.3022194,0.0037405842,0.09586588,661.4305,7.0
296,67.26,6.6,2452,4866048.0,-0.007000983,0.9919853,1.3177758,0.0035355985,0.08984375,662.0401,8.0
297,82.98,6.4,2459,4882432.0,-0.0047259047,0.8958688,1.3300153,0.0034280077,0.08394369,662.5507,6.0
298,59.89,6.7,2661,4898816.0,-0.0076265316,0.86114055,1.3661591,0.0037071256,0.09625244,663.08466,8.0
299,92.53,6.7,2678,4915200.0,-0.009269446,0.7670384,1.3779744,0.0045033614,0.11968994,663.69196,8.0
300,100.32,7.4,2645,4931584.0,-0.006108142,0.79703575,1.3872052,0.0033782653,0.086649574,664.2807,9.0
301,89.61,6.5,2667,4947968.0,-0.006877417,0.774518,1.3578472,0.0034779406,0.09511312,664.7941,6.0
302,78.36,6.9,2446,4964352.0,-0.006834077,0.8607684,1.3748938,0.0035638355,0.09320068,665.34674,7.0
303,90.61,6.3,2447,4980736.0,-0.0076498627,0.8025474,1.4082413,0.004099637,0.108194984,665.9624,5.0
304,94.39,7.5,2476,4997120.0,-0.008150333,0.8052624,1.3960047,0.004409287,0.120402016,666.7159,8.0
305,102.4,6.8,2641,5013504.0,-0.008184774,0.6943477,1.4365245,0.0038761322,0.104003906,667.39813,8.0
306,81.05,6.2,2725,5029888.0,-0.0073467065,0.91701967,1.389402,0.0032108196,0.08467611,668.05884,5.0
307,74.72,7.2,2740,5046272.0,-0.0059859543,0.8910106,1.3683082,0.0029905376,0.07574463,668.69037,7.0
308,79.89,6.6,2521,5062656.0,-0.008708508,0.80111,1.3916637,0.004042124,0.113342285,669.32294,7.0
309,56.7,8.1,2478,5079040.0,-0.008090106,0.95563525,1.3614349,0.0033954922,0.08829752,669.9645,8.0
310,77.6,7.8,2507,5095424.0,-0.0074633057,0.679369,1.4052027,0.004138015,0.11305746,670.5799,7.0
311,117.14,7.3,2483,5111808.0,-0.007987431,0.5902967,1.4364935,0.0045763277,0.12424723,671.19336,7.0
312,79.82,8.2,2587,5128192.0,-0.0076511926,0.8124332,1.4118885,0.004018257,0.109069824,671.85846,9.0
313,140.83,5.7,2681,5144576.0,-0.005910478,0.76795894,1.3713952,0.0041186237,0.11216227,672.5866,6.0
314,106.24,6.2,2691,5160960.0,-0.007171245,0.7046397,1.4088569,0.0034593353,0.09234619,673.2349,8.0
315,78.07,7.5,2617,5177344.0,-0.0100483615,0.66300154,1.4378082,0.003933663,0.10703532,673.86945,9.0
316,98.73,6.8,2460,5193728.0,-0.008373574,0.5759048,1.4875097,0.004291839,0.12021891,674.5493,6.0
317,80.69,7.5,2529,5210112.0,-0.008136223,0.55649024,1.530584,0.0039235884,0.10762533,675.27234,9.0
318,108.91,6.1,2434,5226496.0,-0.007689034,0.56271064,1.512761,0.0041815536,0.115865074,675.9975,6.0
319,94.19,6.2,2620,5242880.0,-0.007909018,0.5382684,1.5246845,0.003955667,0.10719808,676.59784,5.0
320,128.87,6.8,2694,5259264.0,-0.007824232,0.5268843,1.5014359,0.0038397461,0.106892906,677.208,7.0
321,99.96,6.8,2616,5275648.0,-0.00817317,0.53685886,1.4897119,0.004297019,0.124186195,677.89215,8.0
322,105.06,5.9,2489,5292032.0,-0.008409691,0.62376875,1.4339237,0.0040805903,0.116109215,678.49194,7.0
323,86.39,6.6,2380,5308416.0,-0.0062233196,0.8520489,1.3909146,0.0044207512,0.12465414,679.00836,6.0
324,81.99,6.9,2399,5324800.0,-0.0065909214,0.72079295,1.4049805,0.0033669565,0.09604899,679.4693,6.0
325,89.83,5.6,2385,5341184.0,-0.007799046,0.72615105,1.4206997,0.0039167656,0.10768636,680.02435,4.0
326,85.41,6.8,2591,5357568.0,-0.008582254,0.5557509,1.4863855,0.0036878975,0.1027832,680.5639,9.0
327,81.57,6.6,2649,5373952.0,-0.0077436306,0.5437029,1.4852642,0.0035078807,0.09608968,681.04755,9.0
328,102.32,6.6,2622,5390336.0,-0.008736545,0.5553948,1.4617473,0.0041035195,0.1223348,681.5542,8.0
329,98.65,7.2,2440,5406720.0,-0.00753732,0.6731272,1.4309686,0.0036613068,0.107950844,682.15173,7.0
330,81.84,6.7,2392,5423104.0,-0.008857555,0.8408485,1.4361644,0.003914216,0.11332194,682.6783,4.0
331,75.18,6.2,2402,5439488.0,-0.007922151,0.840053,1.420104,0.00346219,0.09863281,683.272,7.0
332,74.74,7.0,2402,5455872.0,-0.007801725,0.8813803,1.3648168,0.0031476768,0.08817545,683.8029,4.0
333,66.48,7.1,2569,5472256.0,-0.005601952,0.79380757,1.3709549,0.0026776216,0.07196045,684.316,8.0
334,56.23,7.6,2564,5488640.0,-0.0051402324,0.93753535,1.370678,0.0033302105,0.09395345,684.7446,8.0
335,70.78,7.3,2615,5505024.0,-0.008726511,0.6644171,1.3969692,0.0038057866,0.108418785,685.1272,8.0
336,75.56,7.1,2417,5521408.0,-0.007858667,0.67351586,1.4212545,0.0038745769,0.11336263,685.62384,7.0
337,70.87,7.5,2407,5537792.0,-0.0072854087,0.54613954,1.4711181,0.0037737582,0.106404625,686.1623,8.0
338,84.94,7.8,2422,5554176.0,-0.007995589,0.58217263,1.4823653,0.003810507,0.114583336,686.6782,8.0
339,89.33,6.7,2415,5570560.0,-0.0063156276,0.80931515,1.4090849,0.0033603006,0.09372965,687.24005,6.0
340,99.32,7.6,2591,5586944.0,-0.008348081,0.74867994,1.3749781,0.003851653,0.11816406,687.85205,8.0
341,83.95,8.1,2589,5603328.0,-0.0068455734,0.6695888,1.3887116,0.0032462717,0.09326172,688.5325,8.0
342,87.14,5.9,2654,5619712.0,-0.006947227,0.86548376,1.4315437,0.0030015067,0.08980306,689.12354,4.0
343,73.28,7.1,2467,5636096.0,-0.0068284073,0.7197931,1.4284296,0.003953248,0.118611656,689.7114,6.0
344,84.45,7.1,2428,5652480.0,-0.008489841,0.8073607,1.367825,0.003965709,0.12030029,690.37213,8.0
345,67.45,7.2,2424,5668864.0,-0.0063024093,0.7925818,1.3909494,0.0036259207,0.113586426,691.0222,8.0
346,77.44,6.8,2444,5685248.0,-0.0076330104,0.8153197,1.4034681,0.0037783068,0.11794027,691.60156,5.0
347,51.73,7.1,2595,5701632.0,-0.0073982836,0.80535764,1.4033284,0.003864929,0.11541748,692.11725,5.0
348,88.54,6.7,2618,5718016.0,-0.0075464617,0.89062077,1.4134876,0.0033632142,0.103637695,692.5108,7.0
349,65.93,7.0,2588,5734400.0,-0.008723259,0.77295667,1.4163136,0.0031035051,0.09326172,692.9991,8.0
350,83.38,7.5,2484,5750784.0,-0.00894291,0.6430532,1.4570869,0.003804019,0.116373695,693.5569,8.0
351,73.66,6.9,2454,5767168.0,-0.008055895,0.61845976,1.481126,0.0037737915,0.12070719,694.15485,6.0
352,88.48,6.4,2405,5783552.0,-0.0071993074,0.69679284,1.4395026,0.0029474143,0.091044106,694.5952,8.0
353,78.4,6.2,2417,5799936.0,-0.0075587593,0.6981264,1.4753715,0.0034247919,0.105407715,695.0793,3.0
354,82.06,6.6,2572,5816320.0,-0.0076311785,0.71284413,1.49936,0.0029886905,0.09082031,695.5176,7.0
355,95.72,7.0,2671,5832704.0,-0.0080572525,0.63145334,1.4613142,0.0038148325,0.11934408,696.0534,7.0
356,107.27,7.1,2801,5849088.0,-0.007903053,0.65059,1.4707037,0.004047547,0.1262207,696.60114,9.0
357,97.58,7.4,2457,5865472.0,-0.008741203,0.5804172,1.469081,0.0039218343,0.12327067,697.0996,7.0
358,111.31,5.6,2382,5881856.0,-0.0074104615,0.7248013,1.4328146,0.0032838064,0.10101318,697.5916,4.0
359,81.93,6.4,2400,5898240.0,-0.006660597,0.82455665,1.424417,0.0036623972,0.11895752,698.03265,5.0
360,70.45,6.8,2385,5914624.0,-0.008531983,0.63400805,1.4581169,0.0035440114,0.112976074,698.53265,6.0
361,89.13,6.4,2558,5931008.0,-0.00725681,0.7053272,1.3914818,0.003697993,0.117248535,699.01733,8.0
362,51.93,7.3,2599,5947392.0,-0.006541269,0.96542865,1.4002651,0.002954049,0.094807945,699.4948,9.0
363,88.93,6.8,2669,5963776.0,-0.004790618,0.7932039,1.4158878,0.002937013,0.09096273,699.97046,8.0
364,65.24,7.7,2463,5980160.0,-0.007731335,0.8608122,1.4053454,0.0033529426,0.107666016,700.415,9.0
365,80.19,6.3,2464,5996544.0,-0.006987637,0.860398,1.3998861,0.0034931677,0.11383057,700.87994,8.0
366,53.25,7.6,2380,6012928.0,-0.0065633673,0.8201778,1.3673849,0.0029297322,0.09134928,701.36505,7.0
367,90.7,7.5,2376,6029312.0,-0.007083845,0.66727424,1.4053179,0.00304713,0.09926351,701.8531,8.0
368,82.6,6.9,2541,6045696.0,-0.006666927,0.64738244,1.4510614,0.003374028,0.10760498,702.325,7.0
369,114.65,7.1,2603,6062080.0,-0.00621663,0.65790606,1.4285537,0.0033803054,0.10902914,702.8504,8.0
370,87.69,7.9,2592,6078464.0,-0.007265378,0.6033184,1.4364873,0.003464204,0.112569176,703.34595,9.0
371,106.0,7.2,2390,6094848.0,-0.0073124133,0.6861577,1.4094607,0.0033929653,0.111083984,703.8862,5.0
372,70.1,7.9,2383,6111232.0,-0.008797565,0.6828997,1.4180678,0.0039690933,0.12874348,704.5577,8.0
373,79.56,6.6,2387,6127616.0,-0.007060978,0.76728183,1.4417876,0.0029037502,0.094584145,705.1639,5.0
374,67.27,7.4,2426,6144000.0,-0.007211447,0.6977174,1.4038304,0.0034154812,0.11214193,705.7044,6.0
375,68.38,6.6,2564,6160384.0,-0.0065648784,0.6549429,1.4872159,0.0035998889,0.12160238,706.17377,6.0
376,74.58,7.6,2577,6176768.0,-0.0076185255,0.7766009,1.3727258,0.0030107787,0.09995524,706.70123,8.0
377,65.38,7.1,2595,6193152.0,-0.007238573,0.5738809,1.4115914,0.0031115378,0.102884926,707.20233,7.0
378,89.85,6.9,2411,6209536.0,-0.008306634,0.66413814,1.4187347,0.0035768694,0.12575276,707.7552,4.0
379,62.26,8.5,2379,6225920.0,-0.007024864,0.6999803,1.4019936,0.0038292112,0.12967937,708.3454,9.0
380,86.69,6.9,2423,6242304.0,-0.006734963,0.87092835,1.3738264,0.002909947,0.09790039,708.87164,7.0
381,74.16,8.1,2415,6258688.0,-0.0071860775,0.8231857,1.3670334,0.0036074286,0.12455241,709.313,9.0
382,66.91,7.3,2587,6275072.0,-0.007178141,0.81424433,1.3632346,0.0030769163,0.104512535,709.83295,8.0
383,92.75,6.1,2623,6291456.0,-0.0082791075,0.74374086,1.3885654,0.0030755585,0.10333252,710.3505,5.0
384,63.71,7.3,2615,6307840.0,-0.0075999494,0.6799658,1.340675,0.0031161336,0.10520426,710.81934,6.0
385,68.6,7.2,2461,6324224.0,-0.005953207,0.79154736,1.3643492,0.0030290156,0.10178629,711.3491,8.0
386,64.55,7.2,2401,6340608.0,-0.006348805,0.760122,1.3716692,0.003217118,0.11407471,711.8252,8.0
387,88.41,6.5,2394,6356992.0,-0.0045540803,0.91278476,1.3838595,0.0031782202,0.10882568,712.2222,4.0
388,77.88,7.2,2422,6373376.0,-0.005477341,0.9386839,1.363432,0.0022770257,0.07655843,712.6262,8.0
389,67.32,6.7,2561,6389760.0,-0.006280508,0.66407466,1.3863606,0.003203077,0.11539713,713.0405,7.0
390,106.29,5.7,2587,6406144.0,-0.006648248,0.81240016,1.3694906,0.0032380174,0.11265055,713.5612,7.0
391,89.07,6.4,2601,6422528.0,-0.007907089,0.8968573,1.3939701,0.0034200947,0.12259928,714.1357,5.0
392,73.42,6.2,2438,6438912.0,-0.008893942,0.6201117,1.444017,0.0040544253,0.14251709,714.6611,4.0
393,57.4,7.5,2467,6455296.0,-0.0068062153,0.6042629,1.4688619,0.0036452943,0.13242595,715.13434,6.0
394,106.08,6.6,2441,6471680.0,-0.0071813036,0.693269,1.4639658,0.0031779008,0.11440023,715.5429,9.0
395,63.97,7.4,2397,6488064.0,-0.0071899667,0.61194915,1.4611219,0.0036544958,0.13012695,715.989,4.0
396,79.56,8.0,2568,6504448.0,-0.006423349,0.61193246,1.4306631,0.0038357961,0.13800049,716.4673,8.0
397,77.98,8.5,2593,6520832.0,-0.0060362066,0.7402008,1.4037129,0.0034600897,0.12662761,716.8953,9.0
398,90.64,7.4,2603,6537216.0,-0.008498208,0.7132594,1.368302,0.0031896664,0.112691246,717.3409,9.0
399,108.26,7.3,2421,6553600.0,-0.007534694,0.66119844,1.3771828,0.003340409,0.11816406,717.9101,6.0
400,86.61,6.9,2425,6569984.0,-0.0057165395,0.7735178,1.3957983,0.003128953,0.11558024,718.4197,9.0
401,85.82,6.9,2413,6586368.0,-0.0077140927,0.6994681,1.3812019,0.0030855124,0.11568197,718.90137,5.0
402,110.96,6.2,2385,6602752.0,-0.006448409,0.7020354,1.4343809,0.0032746922,0.12386068,719.39557,6.0
403,83.52,6.5,2526,6619136.0,-0.008892576,0.6818573,1.4147844,0.0036625064,0.13842773,719.94037,6.0
404,89.41,5.5,2659,6635520.0,-0.00609351,0.7983122,1.4102708,0.0028898828,0.11027018,720.499,7.0
405,97.27,6.8,2688,6651904.0,-0.0065144734,0.82410127,1.3796815,0.0029511128,0.10809326,720.84235,7.0
406,79.21,7.8,2508,6668288.0,-0.0063130055,0.69691014,1.3735124,0.003333615,0.13134766,721.23346,10.0
407,78.54,6.8,2408,6684672.0,-0.007694371,0.93414015,1.3810121,0.0028140415,0.100972496,721.7158,7.0
408,78.3,7.8,2426,6701056.0,-0.007988019,0.5898325,1.3909225,0.00297247,0.11356608,722.18805,7.0
409,77.33,7.4,2373,6717440.0,-0.00573233,0.9833894,1.3747996,0.0030559152,0.11942545,722.6408,9.0
410,65.69,7.8,2593,6733824.0,-0.0067156362,0.7949787,1.4049696,0.0026140886,0.09472656,723.05273,7.0
411,77.82,7.5,2622,6750208.0,-0.0052628852,0.74084824,1.3874589,0.00286185,0.10876465,723.4886,9.0
412,82.37,7.3,2637,6766592.0,-0.0060567693,0.72316796,1.4024568,0.0032051068,0.11912028,723.9297,8.0
413,83.99,6.7,2418,6782976.0,-0.0070325285,0.7781052,1.4101796,0.002988769,0.11413574,724.3327,5.0
414,99.97,6.7,2410,6799360.0,-0.0072190925,0.69190437,1.4574038,0.003236138,0.12713623,724.793,7.0
415,74.99,7.0,2382,6815744.0,-0.009120254,0.66684794,1.4445071,0.0027848063,0.10703532,725.3018,6.0
416,98.32,7.6,2413,6832128.0,-0.007912771,0.71234035,1.4684515,0.0033371123,0.13022868,725.6955,7.0
417,79.02,7.0,2578,6848512.0,-0.007586933,0.7997365,1.4275513,0.002998376,0.1155192,726.23535,7.0
418,97.64,7.0,2601,6864896.0,-0.0072985054,0.7491064,1.4326202,0.0030151242,0.117757164,726.7886,6.0
419,102.43,7.7,2566,6881280.0,-0.007972473,0.45407555,1.4559903,0.0029121172,0.11236572,727.2332,7.0
420,81.94,7.5,2435,6897664.0,-0.007697981,0.75296193,1.4686774,0.0029731195,0.11431885,727.6103,6.0
421,84.69,7.3,2427,6914048.0,-0.008085386,0.6017354,1.4600369,0.003415208,0.13234456,728.0061,7.0
422,64.87,7.8,2406,6930432.0,-0.0074535883,0.63909274,1.445354,0.0034104178,0.13875325,728.50616,7.0
423,54.04,7.8,2417,6946816.0,-0.00615407,0.666794,1.4311624,0.0028723173,0.11710612,728.9882,7.0
424,74.63,6.1,2533,6963200.0,-0.007636512,0.8321843,1.4354388,0.0028279338,0.11490885,729.40814,5.0
425,75.45,7.8,2648,6979584.0,-0.005548272,0.70789415,1.4021665,0.0027535667,0.10864258,729.78613,7.0
426,75.71,6.9,2608,6995968.0,-0.007902596,0.6441193,1.4337529,0.0029771943,0.11830648,730.126,8.0
427,88.18,7.4,2445,7012352.0,-0.0083302455,0.57031375,1.4663119,0.0037314296,0.14685059,730.5022,6.0
428,100.48,6.9,2433,7028736.0,-0.00512619,0.75611335,1.4197913,0.0029149093,0.11909994,730.96136,7.0
429,69.41,7.6,2400,7045120.0,-0.007300489,0.6647932,1.3881844,0.0028156012,0.11352539,731.37885,10.0
430,91.89,6.7,2430,7061504.0,-0.008259169,0.5888956,1.4479351,0.0028807328,0.11771647,731.87177,6.0
431,76.81,7.4,2562,7077888.0,-0.008050709,0.5714708,1.4647965,0.0037599124,0.15478516,732.4687,6.0
432,79.03,7.5,2580,7094272.0,-0.0057931268,0.62873954,1.4159261,0.003106556,0.13016765,732.98566,8.0
433,87.76,6.8,2583,7110656.0,-0.008220573,0.58057743,1.4368371,0.0029082233,0.12023926,733.4399,5.0
434,93.43,7.5,2457,7127040.0,-0.0068071163,0.75901836,1.436282,0.0025017904,0.10172526,733.89746,7.0
435,69.0,7.9,2440,7143424.0,-0.006698447,0.61681855,1.3843113,0.0031381825,0.13045247,734.47266,7.0
436,76.09,7.3,2406,7159808.0,-0.007389806,0.78297734,1.3595324,0.0032177623,0.13185628,734.95233,6.0
437,77.14,7.5,2420,7176192.0,-0.006015572,0.736908,1.3717734,0.0031443813,0.1315511,735.34644,8.0
438,62.48,7.3,2520,7192576.0,-0.0068467106,0.6717215,1.4109101,0.0028823402,0.11909994,735.7718,5.0
439,86.3,6.9,2581,7208960.0,-0.0074914265,0.78240377,1.388673,0.0028802117,0.12296549,736.25165,7.0
440,63.85,7.2,2609,7225344.0,-0.0074230353,0.693126,1.37049,0.0031158812,0.13366699,736.7691,8.0
441,76.9,7.0,2413,7241728.0,-0.007644594,0.77219754,1.3578821,0.0031424419,0.13104248,737.2839,4.0
442,75.17,7.7,2447,7258112.0,-0.0059120297,0.82691354,1.3532338,0.0032581573,0.1462199,737.7493,9.0
443,67.44,6.8,2426,7274496.0,-0.007054158,0.80521876,1.3519564,0.0029134394,0.12278239,738.26166,7.0
444,63.74,7.1,2389,7290880.0,-0.0063038687,0.7746637,1.3279133,0.0031623307,0.13330078,738.8919,7.0
445,70.5,7.5,2582,7307264.0,-0.0069421153,0.6852159,1.3395201,0.0032727297,0.13920085,739.50146,7.0
446,70.03,7.9,2619,7323648.0,-0.0070764404,0.81911045,1.3348905,0.0030947293,0.13244629,739.9739,6.0
447,56.38,7.3,2645,7340032.0,-0.0072921365,0.77149385,1.3229747,0.0030138332,0.12764485,740.44476,8.0
448,67.83,6.4,2437,7356416.0,-0.0060988036,0.67785794,1.3183426,0.0028780745,0.12723796,740.9025,6.0
449,74.28,6.6,2328,7372800.0,-0.007582256,0.97837967,1.308652,0.0023205662,0.10091146,741.31885,9.0
450,67.15,6.9,2409,7389184.0,-0.0059294626,1.0082209,1.2618757,0.0022099044,0.09944662,741.7019,8.0
451,68.08,7.9,2399,7405568.0,-0.006595167,0.79302543,1.2802013,0.0029882407,0.13519287,742.0723,9.0
452,71.15,7.1,2561,7421952.0,-0.0066225897,1.0024551,1.2728995,0.002450701,0.10443115,742.4736,7.0
453,58.6,6.5,2566,7438336.0,-0.0064741042,0.7866854,1.3001179,0.002702469,0.12148031,742.92316,5.0
454,59.03,8.0,2589,7454720.0,-0.0064800694,0.7539292,1.2724404,0.0024229118,0.101745605,743.2947,9.0
455,50.44,6.5,2437,7471104.0,-0.005518014,0.9137378,1.2627386,0.002533893,0.112223305,743.64935,8.0
456,54.65,8.2,2403,7487488.0,-0.0064027365,0.72356063,1.2767581,0.0024636912,0.112854004,744.00586,7.0
457,74.45,6.5,2416,7503872.0,-0.006723366,0.7918063,1.3275405,0.0024527598,0.106160484,744.33984,8.0
458,66.68,7.2,2380,7520256.0,-0.006795117,0.83614826,1.3251766,0.0028322276,0.124816895,744.7702,8.0
459,83.27,6.9,2583,7536640.0,-0.005441472,0.8791345,1.3330892,0.002393434,0.10732015,745.1264,7.0
460,87.87,6.4,2655,7553024.0,-0.004637682,0.87087774,1.305988,0.0021331597,0.0927124,745.4246,3.0
461,60.61,7.5,2601,7569408.0,-0.007020822,0.791356,1.2765474,0.0028088195,0.12925212,745.7393,5.0
462,61.67,7.7,2440,7585792.0,-0.0067012873,0.7354307,1.2890322,0.0025072673,0.11126709,746.20624,7.0
463,67.45,7.6,2385,7602176.0,-0.0053260284,0.8920917,1.2428526,0.0024518634,0.110188805,746.70795,7.0
464,80.5,7.8,2406,7618560.0,-0.00665464,0.9242906,1.2325616,0.002566866,0.1198527,747.0137,7.0
465,71.42,6.6,2417,7634944.0,-0.0054437313,0.95524985,1.2678852,0.0026771834,0.123819984,747.3145,5.0
466,71.52,7.3,2558,7651328.0,-0.008110427,0.8097635,1.2651838,0.0027398216,0.12524414,747.6397,8.0
467,55.78,7.9,2553,7667712.0,-0.006643262,0.9684666,1.2405388,0.0026788118,0.12544759,748.0542,7.0
468,64.81,7.3,2574,7684096.0,-0.008229888,0.86815435,1.2473794,0.002963348,0.13010661,748.53046,7.0
469,65.21,7.6,2441,7700480.0,-0.0071799997,0.89208144,1.2527698,0.003007778,0.1404419,748.98553,8.0
470,61.67,7.6,2375,7716864.0,-0.0055947863,0.9678293,1.2618111,0.0023496666,0.109191895,749.4512,8.0
471,59.86,8.4,2421,7733248.0,-0.0060018576,0.9300277,1.2299166,0.002530448,0.120137535,749.93695,9.0
472,66.85,7.5,2368,7749632.0,-0.006997122,0.7080064,1.2546653,0.002563873,0.11940511,750.31683,10.0
473,60.78,6.9,2631,7766016.0,-0.0069593526,0.78866655,1.268763,0.0026563788,0.12298584,750.6853,7.0
474,60.54,7.5,2650,7782400.0,-0.0061952625,0.918209,1.2264847,0.0025073932,0.12017822,751.04364,8.0
475,66.58,7.6,2603,7798784.0,-0.0060815164,0.8441631,1.2285867,0.0024398144,0.11450195,751.4577,8.0
476,62.66,7.6,2409,7815168.0,-0.0054641883,0.95936507,1.2408695,0.0026095246,0.12786865,751.8554,9.0
477,59.85,8.1,2378,7831552.0,-0.005838847,1.0208284,1.1942741,0.0023862896,0.114583336,752.1788,9.0
478,70.98,6.2,2412,7847936.0,-0.0055793836,1.0490576,1.2081248,0.0023922154,0.114705406,752.54834,6.0
479,57.78,7.7,2400,7864320.0,-0.0052207466,0.94790226,1.2038615,0.0021026433,0.10180664,752.8865,6.0
480,81.6,8.0,2565,7880704.0,-0.0062391763,0.83334273,1.2120765,0.0022868589,0.10701498,753.25885,8.0
481,54.8,7.7,2613,7897088.0,-0.0074555795,0.8855044,1.2181052,0.00222324,0.10571289,753.62836,8.0
482,56.27,7.3,2604,7913472.0,-0.007195395,0.79421425,1.2449789,0.0024603219,0.12363688,753.9917,9.0
483,54.39,7.6,2413,7929856.0,-0.005935022,0.7654049,1.241476,0.0027731492,0.13875325,754.37994,9.0
484,63.38,7.3,2401,7946240.0,-0.0064923707,0.94288164,1.2253793,0.0021059432,0.10105387,754.7911,6.0
485,88.61,7.9,2362,7962624.0,-0.0048580947,0.9162188,1.1726646,0.002491603,0.12145996,755.15424,8.0
486,59.34,6.9,2398,7979008.0,-0.0046467106,0.9445521,1.1911848,0.0019536915,0.092325844,755.477,7.0
487,59.85,7.9,2576,7995392.0,-0.0055093407,0.8893621,1.2143239,0.0019964916,0.097066246,755.76984,9.0
488,73.78,8.2,2602,8011776.0,-0.0036583785,0.94461083,1.2538183,0.0022021695,0.11012777,756.0454,8.0
489,60.15,7.5,2578,8028160.0,-0.0064506666,0.7793482,1.2333091,0.002474419,0.123535156,756.3045,9.0
490,71.85,8.2,2428,8044544.0,-0.0064438027,0.6833472,1.2422541,0.0028905931,0.14573161,756.6387,10.0
491,58.62,7.6,2392,8060928.0,-0.005404055,0.8895646,1.2042259,0.0022450907,0.11263021,757.0608,6.0
492,64.5,7.5,2404,8077312.0,-0.0065146703,0.78979564,1.2224776,0.0027811022,0.13572185,757.45184,9.0
493,52.69,8.5,2378,8093696.0,-0.0045336676,0.7840879,1.1956755,0.0026872146,0.14017741,757.7764,9.0
494,58.79,7.6,2594,8110080.0,-0.006297009,0.8383656,1.2152009,0.0025116543,0.12878418,758.1228,6.0
495,54.48,7.3,2638,8126464.0,-0.005654936,0.9365367,1.206176,0.0022659276,0.11747233,758.4819,7.0
496,55.74,7.6,2634,8142848.0,-0.005285142,0.78239006,1.1991042,0.0022753282,0.11730957,758.7137,5.0
497,69.28,7.1,2466,8159232.0,-0.0050668814,0.70680827,1.1846641,0.0024654448,0.11820475,759.00397,6.0
498,56.62,7.6,2391,8175616.0,-0.00624097,0.99970746,1.1833397,0.0023656304,0.12249756,759.3298,7.0
499,67.61,6.2,2435,8192000.0,-0.006013749,0.9446573,1.2280585,0.0019036047,0.09765625,759.6119,8.0
500,78.45,8.0,2394,8208384.0,-0.004814876,0.74556184,1.2391282,0.0020785562,0.106648766,759.9018,8.0
501,65.26,8.0,2625,8224768.0,-0.005503623,0.85077095,1.2079498,0.002826536,0.15228271,760.2739,7.0
502,64.65,8.1,2550,8241152.0,-0.005554914,0.8716498,1.2019409,0.0021614735,0.11187744,760.6475,9.0
503,57.45,7.7,2562,8257536.0,-0.0052535697,0.95659286,1.2029178,0.001907837,0.10103353,760.94574,7.0
504,62.61,8.0,2402,8273920.0,-0.0043657837,1.0155824,1.1890787,0.0019470374,0.1034139,761.2043,6.0
505,48.2,9.2,2400,8290304.0,-0.0069244145,0.8144882,1.1483704,0.0024557568,0.122802734,761.4223,10.0
506,57.84,8.2,2401,8306688.0,-0.004573646,0.9308421,1.1838452,0.0023023183,0.12605794,761.67334,9.0
507,52.09,8.3,2416,8323072.0,-0.0063371453,0.7858067,1.1745762,0.0019765773,0.10329183,761.9455,7.0
508,78.11,7.2,2607,8339456.0,-0.0051834746,0.7616668,1.1934575,0.0021415397,0.11582438,762.238,7.0
509,68.75,7.7,2650,8355840.0,-0.0055479724,0.7151542,1.2022594,0.002564675,0.13972981,762.59515,6.0
510,66.84,7.6,2616,8372224.0,-0.0065449947,0.7874176,1.1999687,0.0024532627,0.12963867,762.9387,7.0
511,75.55,7.7,2397,8388608.0,-0.0054511167,0.9653845,1.1785218,0.0021126198,0.10904948,763.2569,7.0
512,67.04,7.8,2398,8404992.0,-0.0050782333,0.82109827,1.2385792,0.0024961925,0.1406657,763.57227,8.0
513,63.84,8.1,2427,8421376.0,-0.005958887,0.71415645,1.2339923,0.002563228,0.14088948,763.91364,8.0
514,83.94,8.1,2411,8437760.0,-0.0061406097,0.7006467,1.2975512,0.0025033792,0.1338501,764.2579,9.0
515,64.6,7.4,2593,8454144.0,-0.0073544946,0.72509307,1.3242317,0.002289069,0.13008626,764.59906,7.0
516,65.19,7.4,2583,8470528.0,-0.0039549028,0.7907581,1.3078712,0.0020552196,0.11692301,764.9305,6.0
517,76.8,6.6,2585,8486912.0,-0.005223518,0.7443206,1.3444654,0.0021978407,0.1251831,765.17084,5.0
518,76.09,7.1,2406,8503296.0,-0.0041318676,0.72179896,1.3232986,0.002132282,0.12056478,765.3997,7.0
519,61.8,7.0,2380,8519680.0,-0.0066537205,0.6622563,1.3081379,0.0020947943,0.118652344,765.60645,5.0
520,64.45,7.2,2416,8536064.0,-0.0060279653,0.89273125,1.3156569,0.0019089227,0.110310875,765.9426,7.0
521,63.05,7.6,2412,8552448.0,-0.0051973094,0.8299978,1.3296262,0.0019089604,0.11039225,766.27924,9.0
522,63.0,7.4,2531,8568832.0,-0.0064559304,0.80760974,1.3044763,0.0023212607,0.12937419,766.56,8.0
523,82.37,6.4,2629,8585216.0,-0.0060228356,0.90313464,1.2886032,0.0020063852,0.11765543,766.79224,8.0
524,74.9,7.5,2631,8601600.0,-0.005876211,0.83896476,1.2996804,0.0021308572,0.12536621,767.05054,7.0
525,57.02,8.0,2447,8617984.0,-0.0058171977,0.69381016,1.2728068,0.0022946696,0.13269043,767.3846,8.0
526,59.81,7.2,2455,8634368.0,-0.005850172,0.7807196,1.2571117,0.0022164045,0.13071696,767.70026,8.0
527,63.12,7.8,2402,8650752.0,-0.004534801,0.92169136,1.2850935,0.0020016034,0.11773682,768.0019,8.0
528,85.2,7.5,2401,8667136.0,-0.0057765325,0.75021195,1.2744802,0.002012569,0.11893717,768.31586,8.0
529,55.61,8.4,2535,8683520.0,-0.0052162805,0.85284543,1.2973175,0.0019882552,0.11680094,768.66595,10.0
530,59.01,7.6,2584,8699904.0,-0.0063193426,0.7281546,1.313028,0.0022184378,0.13519287,769.0149,6.0
531,76.91,7.9,2583,8716288.0,-0.0063388883,0.64916784,1.3102754,0.0022002675,0.13602702,769.3553,10.0
532,88.26,8.0,2449,8732672.0,-0.005891414,0.7729555,1.2669266,0.0021841235,0.1243693,769.6963,9.0
533,76.66,7.2,2410,8749056.0,-0.0057756775,0.8558314,1.2614378,0.0020484743,0.12575276,770.0518,9.0
534,56.79,7.7,2421,8765440.0,-0.005775051,0.7060053,1.3131876,0.002914939,0.17156982,770.3994,9.0
535,73.72,7.5,2388,8781824.0,-0.006124249,0.8857121,1.3142239,0.0019481519,0.12070719,770.7224,8.0
536,66.79,7.5,2553,8798208.0,-0.004763041,0.8755143,1.2893351,0.0020471842,0.1260376,771.0279,8.0
537,59.51,8.0,2611,8814592.0,-0.0067260987,0.7961774,1.3114022,0.0020881444,0.12713623,771.3387,8.0
538,70.09,6.8,2621,8830976.0,-0.0071107694,0.68099564,1.3445255,0.001873053,0.11673991,771.6436,6.0
539,75.83,7.7,2464,8847360.0,-0.0067591127,0.7960841,1.3204983,0.002156912,0.13132732,771.8938,9.0
540,86.2,7.1,2349,8863744.0,-0.0053155925,0.6839416,1.3107165,0.0022312638,0.13771565,772.2478,8.0
541,66.41,7.6,2365,8880128.0,-0.0056568594,0.767826,1.2817882,0.0017034622,0.106892906,772.5744,8.0
542,66.01,7.7,2410,8896512.0,-0.005212944,0.82367355,1.2616379,0.0018667392,0.11783854,772.83636,7.0
543,64.96,7.3,2565,8912896.0,-0.0053170566,0.8832038,1.3133394,0.0018308344,0.1188151,773.0921,8.0
544,56.84,7.8,2591,8929280.0,-0.004550484,0.7920945,1.3331848,0.0016725751,0.10310873,773.3191,8.0
545,58.58,9.0,2594,8945664.0,-0.0061304495,0.6829841,1.3384606,0.0018187844,0.11478678,773.5262,10.0
546,82.89,7.0,2434,8962048.0,-0.0058524795,0.74634147,1.3414327,0.0018982105,0.12060547,773.7995,6.0
547,65.07,7.9,2414,8978432.0,-0.0059745484,0.68722457,1.301186,0.001814934,0.115600586,774.12384,9.0
548,68.7,8.3,2388,8994816.0,-0.0060081333,0.7169661,1.2861148,0.0021262325,0.14324951,774.47046,8.0
549,82.16,7.8,2414,9011200.0,-0.0056930888,0.75209236,1.3011456,0.0017600892,0.1116333,774.7893,8.0
550,52.85,7.4,2568,9027584.0,-0.005001918,0.81044203,1.2859327,0.0018408205,0.12487793,775.0603,9.0
551,55.39,6.7,2577,9043968.0,-0.0053153285,0.8683145,1.2843779,0.0016999167,0.111694336,775.33203,8.0
552,54.01,7.7,2619,9060352.0,-0.0058122096,0.69471484,1.3057834,0.0016425989,0.1071167,775.575,9.0
553,64.47,6.4,2413,9076736.0,-0.0065145865,0.86481714,1.3086399,0.0015987569,0.10430908,775.77026,4.0
554,79.51,8.0,2410,9093120.0,-0.0056303646,0.81571317,1.3181654,0.0019708339,0.13183594,775.96606,8.0
555,63.45,7.9,2399,9109504.0,-0.006448284,0.8328769,1.2755889,0.0021132755,0.13102214,776.25104,7.0
556,78.57,7.5,2406,9125888.0,-0.00552977,0.79543066,1.2761779,0.0017545884,0.11602783,776.5878,7.0
557,56.63,7.0,2569,9142272.0,-0.0062055252,0.8280797,1.3186878,0.0019906673,0.1318156,776.9062,7.0
558,58.31,7.4,2524,9158656.0,-0.006490372,0.7479193,1.3177918,0.0020756084,0.13541667,777.2395,8.0
559,60.98,7.4,2558,9175040.0,-0.005173041,0.8610172,1.3120098,0.0019786127,0.13535564,777.5107,8.0
560,60.4,8.1,2444,9191424.0,-0.00543196,0.65759456,1.3234953,0.0019356763,0.12752278,777.7791,9.0
561,64.49,6.7,2355,9207808.0,-0.005663734,0.7587309,1.3403201,0.0016131072,0.10835775,777.9649,8.0
562,80.1,6.2,2376,9224192.0,-0.0054730675,1.1089429,1.3275454,0.0014858213,0.1042277,778.169,6.0
563,67.58,8.5,2382,9240576.0,-0.0052556186,0.6144554,1.337122,0.0021622085,0.15175374,778.4358,8.0
564,62.74,7.7,2568,9256960.0,-0.0052822903,0.69198483,1.3191082,0.0018354747,0.124287926,778.73224,7.0
565,72.96,7.7,2590,9273344.0,-0.0048092874,0.67625254,1.3279487,0.0018538047,0.12961833,779.02563,8.0
566,86.91,7.3,2602,9289728.0,-0.005531104,0.67260665,1.3419461,0.001721294,0.121805824,779.30347,9.0
567,108.78,7.1,2417,9306112.0,-0.0047791065,0.7748542,1.3143605,0.0016656508,0.119669594,779.5698,6.0
568,56.35,6.8,2393,9322496.0,-0.0042852303,0.94177383,1.316799,0.0015047501,0.1042277,779.81415,4.0
569,64.12,7.9,2417,9338880.0,-0.004790429,0.670206,1.3711056,0.0015374487,0.11118571,780.012,9.0
570,66.05,8.3,2401,9355264.0,-0.005190137,0.83536625,1.3335484,0.0016018219,0.11201986,780.2166,10.0
571,97.58,8.3,2568,9371648.0,-0.0039592204,0.7547238,1.3461761,0.0016314188,0.111450195,780.44574,8.0
572,87.22,7.2,2560,9388032.0,-0.0042869863,0.7796564,1.3508071,0.0018325114,0.13555908,780.6272,7.0
573,78.43,7.7,2525,9404416.0,-0.005246887,0.82555795,1.3417763,0.0019544652,0.14316814,780.86993,8.0
574,65.64,7.2,2457,9420800.0,-0.0058598225,0.8131493,1.3386192,0.0018300242,0.13690186,781.2039,7.0
575,64.85,7.5,2368,9437184.0,-0.0057962164,0.5810576,1.3535862,0.001765287,0.12880452,781.4314,9.0
576,98.52,7.5,2334,9453568.0,-0.005461799,0.6324552,1.3625064,0.0016332999,0.12284342,781.65283,9.0
577,60.06,7.3,2376,9469952.0,-0.005424483,0.78161526,1.3471956,0.0014444375,0.10821533,781.88727,10.0
578,87.9,7.1,2513,9486336.0,-0.0060806796,0.7896088,1.3633267,0.0016565061,0.12546794,782.1857,5.0
579,107.53,6.5,2564,9502720.0,-0.005027223,0.73165536,1.3588933,0.0017134696,0.13195801,782.50555,7.0
580,85.76,7.6,2567,9519104.0,-0.0061927508,0.6408803,1.3389944,0.0019968902,0.1494751,782.78125,7.0
581,73.6,8.1,2386,9535488.0,-0.0058483747,0.6392128,1.345781,0.0019296518,0.14416504,783.03937,8.0
582,88.14,7.7,2380,9551872.0,-0.0059879883,0.75677204,1.3480269,0.0017651599,0.13476562,783.25806,8.0
583,82.87,7.5,2395,9568256.0,-0.0054546115,0.64012253,1.3435845,0.0018743832,0.14581299,783.49976,9.0
584,55.85,7.9,2390,9584640.0,-0.0048123104,0.7928538,1.3328744,0.0016672191,0.12774658,783.7595,8.0
585,70.92,8.0,2515,9601024.0,-0.0054753795,0.87338334,1.297783,0.0015040155,0.11875407,783.97394,7.0
586,62.85,8.2,2653,9617408.0,-0.00452648,0.92475605,1.3087978,0.0014142077,0.10970052,784.2246,7.0
587,58.6,7.2,2614,9633792.0,-0.0051000877,0.7588377,1.3519901,0.0016206675,0.12660725,784.51166,7.0
588,71.94,7.4,2417,9650176.0,-0.0049048667,0.5905384,1.3818921,0.0017564576,0.14013672,784.75336,6.0
589,83.64,7.1,2384,9666560.0,-0.005371498,0.6026474,1.3914714,0.0017002025,0.13301595,785.0455,7.0
590,81.19,6.9,2393,9682944.0,-0.005382778,0.8431361,1.4031357,0.0015345403,0.1217041,785.2551,7.0
591,71.41,7.5,2381,9699328.0,-0.0057604443,0.5731614,1.3783183,0.0017899136,0.14444987,785.4817,7.0
592,77.71,7.6,2578,9715712.0,-0.0049489397,0.7451311,1.3222578,0.0015306297,0.12373861,785.73615,7.0
593,56.74,7.4,2574,9732096.0,-0.005236292,0.7617169,1.2975135,0.0017707712,0.13911946,785.941,9.0
594,64.0,8.1,2616,9748480.0,-0.0048002223,0.76792353,1.3102169,0.0015030033,0.12082926,786.1031,8.0
595,74.33,8.5,2466,9764864.0,-0.0057784696,0.631056,1.3030574,0.0017611427,0.14160156,786.32416,8.0
596,75.98,7.4,2396,9781248.0,-0.004903333,0.7745581,1.325262,0.0017303699,0.13616943,786.5386,8.0
597,72.17,8.0,2437,9797632.0,-0.0041123587,0.65473974,1.3390564,0.001496363,0.12451172,786.73505,8.0
598,70.27,7.4,2419,9814016.0,-0.0045292554,0.7240525,1.3576274,0.0012690122,0.103881836,786.8759,9.0
599,89.99,7.5,2549,9830400.0,-0.004941871,0.65502363,1.339904,0.0017709039,0.1473999,787.0712,9.0
600,62.25,8.0,2598,9846784.0,-0.005260971,0.59124404,1.380969,0.0016896357,0.14109294,787.2612,9.0
601,65.36,7.8,2593,9863168.0,-0.004572459,0.7235577,1.3716326,0.0015172106,0.13087972,787.4786,9.0
602,67.05,8.2,2415,9879552.0,-0.005614842,0.5710353,1.3637027,0.0016759589,0.1381429,787.72394,8.0
603,96.38,7.9,2370,9895936.0,-0.0043869955,0.6243453,1.3282406,0.0013830623,0.11769613,787.9668,9.0
604,92.23,7.7,2406,9912320.0,-0.0047328416,0.6429776,1.311532,0.0016917939,0.14817302,788.1677,7.0
605,91.39,8.2,2349,9928704.0,-0.0053870264,0.71563077,1.3046541,0.0016761358,0.1396281,788.4429,10.0
606,89.56,7.6,2568,9945088.0,-0.004326116,0.8237169,1.3003932,0.001472524,0.12638347,788.71436,9.0
607,57.75,8.6,2561,9961472.0,-0.005409569,0.5374535,1.335965,0.0018614646,0.15698242,788.95233,9.0
608,97.78,7.4,2571,9977856.0,-0.0049015596,0.6005063,1.3469411,0.0015768841,0.1375529,789.1503,9.0
609,61.34,8.3,2423,9994240.0,-0.005796444,0.6328947,1.3537321,0.0014369624,0.12727864,789.34344,9.0
610,99.74,7.5,2357,10010624.0,-0.0042362884,0.59313947,1.4056779,0.0012372289,0.1077474,789.5488,5.0
611,65.3,8.1,2400,10027008.0,-0.005408958,0.5946458,1.3998102,0.0017918767,0.1617635,789.73456,7.0
612,63.29,7.9,2401,10043392.0,-0.0043425676,0.730007,1.3852614,0.0014367366,0.13140869,789.94946,8.0
613,102.67,7.8,2576,10059776.0,-0.005518452,0.57787424,1.3733172,0.001494575,0.13604736,790.197,7.0
614,72.13,7.3,2580,10076160.0,-0.0046261093,0.6518548,1.3760824,0.0016095159,0.15030925,790.4262,9.0
615,82.59,7.9,2571,10092544.0,-0.004367317,0.5639066,1.385687,0.001712154,0.15140788,790.6511,9.0
616,67.91,7.6,2390,10108928.0,-0.00471182,0.85690737,1.3852886,0.0015105341,0.14324951,790.8503,8.0
617,70.83,8.3,2341,10125312.0,-0.00582107,0.5644446,1.3652841,0.001647932,0.14792888,791.0505,9.0
618,83.55,6.9,2393,10141696.0,-0.0047006174,0.7488408,1.388805,0.0015013363,0.13743083,791.2808,6.0
619,63.07,7.9,2365,10158080.0,-0.005236793,0.843669,1.3485479,0.0013763226,0.12941487,791.49615,9.0
620,85.93,6.8,2501,10174464.0,-0.0035383322,0.7605272,1.3612094,0.0014459002,0.13492839,791.7261,8.0
621,86.69,8.6,2600,10190848.0,-0.004080014,0.5798889,1.355598,0.0015830573,0.15216064,791.9373,10.0
622,62.73,7.9,2595,10207232.0,-0.004423325,0.81103605,1.3473073,0.0012776109,0.12473551,792.1264,9.0
623,53.85,8.2,2399,10223616.0,-0.0049460097,0.56501615,1.37469,0.0016966407,0.1603597,792.3039,9.0
624,58.65,7.9,2356,10240000.0,-0.005400084,0.7179286,1.3676306,0.001329557,0.13509114,792.4908,7.0
625,63.58,7.9,2388,10256384.0,-0.0049081123,0.5834085,1.3840951,0.0015338645,0.15437825,792.689,7.0
626,95.17,8.0,2358,10272768.0,-0.005138261,0.6360762,1.3666345,0.0016900582,0.16208903,792.8835,8.0
627,57.63,7.4,2548,10289152.0,-0.0050914665,0.8354897,1.3377094,0.0013040351,0.13106282,793.02924,5.0
628,81.83,7.9,2566,10305536.0,-0.005181773,0.77681094,1.3511921,0.0013242863,0.1328125,793.1811,6.0
629,75.7,7.5,2531,10321920.0,-0.004905489,0.6635776,1.3393794,0.0014637094,0.1472168,793.3658,8.0
630,75.08,7.5,2365,10338304.0,-0.0052981973,0.54479116,1.3582734,0.0015525081,0.15100098,793.58936,9.0
631,71.93,8.3,2365,10354688.0,-0.0045715473,0.67506695,1.3607153,0.0015237359,0.15431722,793.8016,8.0
632,69.82,8.1,2407,10371072.0,-0.0043089604,0.56284976,1.3284266,0.0016433805,0.16300456,794.0035,6.0
633,71.79,8.2,2382,10387456.0,-0.0045343856,0.8966017,1.3562998,0.0012365279,0.1262614,794.18866,8.0
634,67.28,7.3,2568,10403840.0,-0.004534958,0.7056733,1.3308066,0.0013716809,0.1395874,794.3948,8.0
635,65.31,8.0,2579,10420224.0,-0.004939635,0.5461959,1.3568693,0.0013928345,0.13909912,794.5935,6.0
636,57.94,8.5,2586,10436608.0,-0.0053080358,0.58315086,1.3415805,0.0012880748,0.13236491,794.7861,8.0
637,84.31,7.9,2431,10452992.0,-0.0047933725,0.58141106,1.3487622,0.001246782,0.13287354,794.9614,8.0
638,82.24,7.6,2415,10469376.0,-0.0048234034,0.6683995,1.3753306,0.00147206,0.14910889,795.17535,8.0
639,66.6,7.9,2353,10485760.0,-0.0033622303,0.7140911,1.4081845,0.0012183029,0.1371053,795.3837,9.0
640,65.83,8.0,2348,10502144.0,-0.005406722,0.5510448,1.375618,0.0013963416,0.14322917,795.4982,9.0
641,63.72,7.7,2530,10518528.0,-0.004457273,0.60546255,1.3475763,0.0012809674,0.13065593,795.6385,8.0
642,110.09,6.6,2629,10534912.0,-0.004158296,0.7732474,1.3524814,0.0011874211,0.12972005,795.8281,6.0
643,51.27,7.6,2576,10551296.0,-0.0045709703,0.92660505,1.3216007,0.0012472451,0.13236491,795.97925,8.0
644,96.83,7.9,2451,10567680.0,-0.0046658507,0.54245645,1.3786569,0.0011955232,0.1272176,796.08905,8.0
645,72.37,7.1,2388,10584064.0,-0.0041401186,0.64936525,1.3749113,0.0012755862,0.13718669,796.23724,5.0
646,91.14,6.7,2363,10600448.0,-0.004137662,0.7376614,1.3654863,0.0012323753,0.13309734,796.38745,8.0
647,72.48,8.0,2384,10616832.0,-0.0047903988,0.71275455,1.3600675,0.0012147387,0.1361084,796.56354,7.0
648,73.06,7.9,2535,10633216.0,-0.004286906,0.68112284,1.3776904,0.0011112853,0.121927895,796.7764,8.0
649,60.87,7.4,2649,10649600.0,-0.0053391266,0.74768615,1.3475485,0.0011986544,0.12890625,796.9426,8.0
650,60.43,8.2,2616,10665984.0,-0.0044970755,0.8838678,1.3364664,0.0011597899,0.13252766,797.09155,9.0
651,72.03,7.4,2393,10682368.0,-0.0052335677,0.6738534,1.3488237,0.001182458,0.13427734,797.2935,7.0
652,64.93,7.7,2375,10698752.0,-0.004092712,0.6524556,1.2858237,0.0010571544,0.11716715,797.4854,8.0
653,58.07,8.6,2359,10715136.0,-0.0028485174,0.5946221,1.3210729,0.001212734,0.14009602,797.62964,9.0
654,56.97,8.3,2337,10731520.0,-0.0038703124,0.7748324,1.3387538,0.0011066283,0.12719727,797.7641,10.0
655,70.04,8.5,2501,10747904.0,-0.0040937806,0.58111614,1.3325027,0.0011408519,0.13244629,797.9138,9.0
656,68.94,7.9,2606,10764288.0,-0.0027926604,0.77176434,1.2975625,0.0010507795,0.11820475,798.04205,10.0
657,91.58,6.8,2598,10780672.0,-0.004200133,0.8395805,1.329274,0.001056666,0.12119547,798.16925,3.0
658,56.19,8.5,2432,10797056.0,-0.0038700642,0.675345,1.3143374,0.0011499854,0.13753255,798.31683,6.0
659,60.76,7.7,2378,10813440.0,-0.004853047,0.7687219,1.3506651,0.0011315395,0.1418864,798.45807,6.0
660,69.92,6.5,2365,10829824.0,-0.004758288,0.7211928,1.3511008,0.0011656542,0.13659668,798.63477,4.0
661,67.99,8.2,2370,10846208.0,-0.004282314,0.78693765,1.3149444,0.0011490113,0.13995361,798.8691,9.0
662,62.69,7.6,2552,10862592.0,-0.003733594,0.8126424,1.3112718,0.0012229667,0.14676921,799.06055,8.0
663,72.06,8.1,2574,10878976.0,-0.0046656188,0.70667434,1.309688,0.0012718904,0.15649414,799.2559,10.0
664,60.79,7.2,2593,10895360.0,-0.0044235527,0.80133814,1.3077391,0.0011708712,0.14548747,799.42456,5.0
665,70.16,7.9,2427,10911744.0,-0.0047134967,0.6960325,1.3330328,0.0011780603,0.14263916,799.6138,8.0
666,82.39,8.2,2402,10928128.0,-0.0042566555,0.5527185,1.3188996,0.0013899393,0.16461182,799.77216,7.0
667,73.07,7.6,2359,10944512.0,-0.0032166624,0.58488244,1.3805901,0.001049881,0.13085938,799.8875,8.0
668,73.43,7.7,2379,10960896.0,-0.0035205742,0.6659871,1.3613285,0.0011070371,0.14204915,799.9716,9.0
669,74.68,7.4,2554,10977280.0,-0.004412357,0.587274,1.3397647,0.0011852768,0.14007568,800.1113,10.0
670,62.01,8.3,2612,10993664.0,-0.004218207,0.59608525,1.3220274,0.0012663035,0.15938313,800.3403,10.0
671,54.51,8.1,2620,11010048.0,-0.0039639506,0.8079386,1.3153182,0.00092439447,0.11444092,800.50934,7.0
672,81.82,7.1,2428,11026432.0,-0.0042920103,0.6891535,1.3542242,0.0011997437,0.14855957,800.64484,6.0
673,55.23,8.9,2388,11042816.0,-0.0045599663,0.7418866,1.3411905,0.0010692418,0.13995361,800.81714,9.0
674,66.63,8.1,2405,11059200.0,-0.0040422524,0.63806635,1.360854,0.0010464333,0.13706462,800.98975,8.0
675,98.0,7.4,2393,11075584.0,-0.0043663424,0.5371029,1.3611445,0.0011309523,0.1494344,801.16705,7.0
676,97.65,7.8,2551,11091968.0,-0.0035856003,0.6107363,1.3562273,0.0011014185,0.14326985,801.35944,8.0
677,106.13,7.7,2603,11108352.0,-0.0038018962,0.653102,1.3390728,0.0010087362,0.13313802,801.50073,8.0
678,59.95,7.7,2624,11124736.0,-0.004993034,0.5055997,1.354394,0.0010996239,0.14276123,801.6534,6.0
679,71.76,7.1,2404,11141120.0,-0.004067054,0.5960731,1.3392314,0.0010598936,0.13972981,801.83185,5.0
680,55.76,8.3,2390,11157504.0,-0.0045655537,0.64619964,1.337778,0.001124085,0.14469402,801.98413,8.0
681,100.78,8.1,2401,11173888.0,-0.004378349,0.63974303,1.3268949,0.0011411315,0.15563965,802.16376,8.0
682,89.34,7.7,2374,11190272.0,-0.0045176414,0.72908276,1.3273965,0.0010529425,0.14314778,802.33496,7.0
683,67.12,8.5,2547,11206656.0,-0.004348786,0.62312275,1.2816408,0.0011582053,0.15838623,802.5079,9.0
684,69.4,8.2,2577,11223040.0,-0.0039660623,0.72433835,1.3149374,0.0010909225,0.15130615,802.6186,8.0
685,60.98,7.9,2583,11239424.0,-0.00409345,0.5457963,1.3017032,0.0010000694,0.13905843,802.7253,8.0
686,104.83,6.9,2397,11255808.0,-0.004662923,0.85851663,1.3072599,0.0010249678,0.14117432,802.8425,7.0
687,91.39,8.1,2350,11272192.0,-0.0035496121,0.8139286,1.2619684,0.00094117504,0.13574219,803.0324,7.0
688,105.86,7.4,2389,11288576.0,-0.0042917985,0.6866246,1.2771014,0.0011461407,0.15287273,803.2076,7.0
689,94.12,7.1,2374,11304960.0,-0.003761728,0.6429278,1.310913,0.0009341776,0.13625081,803.3437,5.0
690,83.14,8.1,2531,11321344.0,-0.002922766,0.7079084,1.3162047,0.0008462728,0.12223307,803.4205,7.0
691,79.34,8.0,2591,11337728.0,-0.004528376,0.9093624,1.2603468,0.000958371,0.1352946,803.5107,9.0
692,58.96,7.3,2581,11354112.0,-0.0036191698,0.81408316,1.2669867,0.0009491322,0.13749187,803.6486,8.0
693,66.78,8.0,2384,11370496.0,-0.0047343434,0.65442914,1.3266634,0.0010636024,0.15657552,803.80664,7.0
694,114.35,7.7,2416,11386880.0,-0.0040291087,0.5613249,1.3015249,0.0010022577,0.1484375,803.98615,7.0
695,57.18,7.9,2435,11403264.0,-0.0040236767,0.6037714,1.2930753,0.0011880922,0.17045085,804.15234,7.0
696,57.88,8.0,2413,11419648.0,-0.0036507212,0.6860406,1.2734526,0.0009858772,0.14935303,804.3196,8.0
697,75.88,8.0,2637,11436032.0,-0.0034868426,0.8144386,1.2878016,0.0008525132,0.13092041,804.43506,7.0
698,74.46,8.3,2708,11452416.0,-0.0037839666,0.5961483,1.2764578,0.0008449372,0.12579346,804.54645,10.0
699,73.34,8.6,2665,11468800.0,-0.004064483,0.58173096,1.3153452,0.00083918386,0.13151042,804.68256,8.0
700,63.62,8.0,2505,11485184.0,-0.0036962598,0.67752784,1.2989594,0.0009890205,0.14707439,804.7566,9.0
701,72.81,7.7,2434,11501568.0,-0.004257098,0.8177764,1.2777293,0.0010782449,0.16733806,804.8621,7.0
702,53.5,8.2,2382,11517952.0,-0.003470456,0.8213213,1.2633381,0.0008045979,0.12583415,804.9982,9.0
703,56.76,7.4,2441,11534336.0,-0.0036561403,0.84508556,1.2601889,0.0009114712,0.14501953,805.0993,6.0
704,73.58,8.2,2616,11550720.0,-0.0037689684,0.77368873,1.2666973,0.00081148604,0.12795003,805.2315,9.0
705,101.0,7.7,2723,11567104.0,-0.0031829355,0.7810568,1.28415,0.00089396007,0.14687093,805.3618,8.0
706,87.31,7.4,2638,11583488.0,-0.0034746171,0.82688636,1.2947661,0.0008273099,0.1359253,805.46313,7.0
707,50.23,7.9,2441,11599872.0,-0.003331072,0.60904187,1.2833581,0.0008992041,0.14668782,805.5708,9.0
708,57.2,8.3,2423,11616256.0,-0.0028033464,0.8160309,1.2754608,0.0008003987,0.12772624,805.68854,8.0
709,58.71,7.5,2420,11632640.0,-0.0033266644,0.91212964,1.278392,0.0007073156,0.11116537,805.80133,7.0
710,101.84,7.6,2289,11649024.0,-0.0034594622,0.7897015,1.2923323,0.0008183474,0.13667805,805.88727,7.0
711,90.27,7.1,2621,11665408.0,-0.0032138654,0.8214369,1.2899734,0.00071250513,0.11946615,805.971,5.0
712,59.13,7.6,2768,11681792.0,-0.0030334492,0.7187174,1.3025546,0.0007164566,0.12105306,806.0809,7.0
713,82.04,8.0,2743,11698176.0,-0.0036617198,0.6207226,1.306991,0.0009280049,0.15614827,806.2297,10.0
714,63.42,7.4,2506,11714560.0,-0.0025134955,0.745686,1.2886337,0.00065535883,0.11303711,806.34717,5.0
715,74.95,7.3,2496,11730944.0,-0.0044798744,0.64791685,1.2946811,0.00074815075,0.12957764,806.45306,8.0
716,58.37,8.1,2417,11747328.0,-0.0036818983,0.64468306,1.2957724,0.0007840206,0.134847,806.597,7.0
717,73.89,8.6,2421,11763712.0,-0.0034594964,0.8795707,1.3000762,0.00071396003,0.12772624,806.6946,9.0
718,74.98,7.5,2543,11780096.0,-0.003527187,0.7504764,1.3214692,0.0007896708,0.13924153,806.7872,9.0
719,71.34,7.8,2625,11796480.0,-0.0035879044,0.73844767,1.3193572,0.0008720953,0.1570638,806.89215,7.0
720,73.63,8.6,2579,11812864.0,-0.003473677,0.7573363,1.3123996,0.0007244278,0.12978108,807.0014,8.0
721,62.3,7.3,2474,11829248.0,-0.0034680765,0.8364418,1.3041962,0.0006777966,0.12243652,807.07916,8.0
722,61.15,8.1,2435,11845632.0,-0.0033530893,0.88443476,1.2911388,0.00070685963,0.13008626,807.1821,10.0
723,55.63,8.0,2497,11862016.0,-0.003214701,0.7230982,1.3012297,0.00078996277,0.14208984,807.28937,8.0
724,55.97,8.1,2430,11878400.0,-0.0036171088,0.83502984,1.2919255,0.00074564695,0.13210042,807.3936,10.0
725,60.93,8.5,2670,11894784.0,-0.0035756452,0.6638636,1.293178,0.0007957521,0.15089925,807.50854,9.0
726,67.4,7.2,2642,11911168.0,-0.0035872636,0.7595188,1.3009182,0.0006734521,0.12611897,807.62616,7.0
727,67.4,7.6,2656,11927552.0,-0.0034938725,0.8203431,1.2617395,0.00072899205,0.13806152,807.74585,9.0
728,67.92,7.8,2496,11943936.0,-0.0034944608,0.9012923,1.2514933,0.0007544167,0.13694255,807.8558,7.0
729,65.34,7.4,2407,11960320.0,-0.0030038822,0.8269041,1.2742709,0.0007346869,0.1395874,807.98456,10.0
730,56.45,8.5,2444,11976704.0,-0.0035207237,0.75311136,1.2766829,0.0007551376,0.14481609,808.08795,9.0
731,57.39,8.3,2421,11993088.0,-0.0031048842,0.8720482,1.2912076,0.00064822426,0.123697914,808.2219,6.0
732,74.99,8.0,2547,12009472.0,-0.0030042424,0.82165045,1.2842842,0.0006759462,0.12835693,808.3404,8.0
733,76.98,7.7,2696,12025856.0,-0.0032365292,0.74504524,1.3460656,0.00069120043,0.13623047,808.4589,8.0
734,111.91,8.2,2619,12042240.0,-0.0036930128,0.629515,1.3553324,0.00079570716,0.15863037,808.5825,6.0
735,57.29,8.0,2466,12058624.0,-0.0030459638,0.71741205,1.3105297,0.0006353531,0.13000488,808.70703,6.0
736,93.42,7.8,2370,12075008.0,-0.0035138428,0.7225972,1.2933564,0.00063516444,0.12860107,808.8265,9.0
737,57.2,8.2,2385,12091392.0,-0.0036888688,0.6342137,1.2629946,0.0006695902,0.13911946,808.9651,10.0
738,71.49,7.9,2447,12107776.0,-0.0029111216,0.6943986,1.280317,0.0006399864,0.13708496,809.08356,7.0
739,99.11,7.7,2599,12124160.0,-0.003737406,0.63859886,1.2953559,0.0006296498,0.12945557,809.1797,9.0
740,93.66,7.7,2731,12140544.0,-0.0027550745,0.77976847,1.2820959,0.00065170514,0.13830566,809.27606,8.0
741,123.43,7.7,2655,12156928.0,-0.0028909277,0.67637664,1.3004953,0.0007187139,0.15879314,809.39764,9.0
742,70.46,7.3,2514,12173312.0,-0.0032618437,0.6352772,1.3119427,0.00074581127,0.15895589,809.51245,8.0
743,72.25,7.2,2417,12189696.0,-0.0026038906,0.8641083,1.2572244,0.0007501894,0.16182454,809.5965,8.0
744,70.66,7.6,2414,12206080.0,-0.003240049,0.72376823,1.2615296,0.00069038157,0.14152019,809.7022,9.0
745,60.65,7.4,2371,12222464.0,-0.003126771,1.0337914,1.2477075,0.0006594506,0.14215088,809.83563,6.0
746,65.52,8.2,2560,12238848.0,-0.0026544214,0.6216337,1.2602204,0.0006614116,0.14133708,809.9165,9.0
747,71.63,8.0,2720,12255232.0,-0.0036710834,0.6189362,1.2731286,0.0007028295,0.14709473,809.9908,9.0
748,56.27,8.3,2654,12271616.0,-0.0026746083,0.7078498,1.2762549,0.0006031831,0.13537598,810.0823,10.0
749,51.07,8.9,2439,12288000.0,-0.002811878,0.72798103,1.2944447,0.00047487416,0.105529785,810.1807,8.0
750,66.85,8.1,2462,12304384.0,-0.0031822855,0.7399998,1.2768483,0.00055652956,0.12410482,810.27985,9.0
751,60.9,6.9,2389,12320768.0,-0.0028888232,0.89915705,1.2993003,0.0006886422,0.1529948,810.38745,8.0
752,70.34,7.5,2393,12337152.0,-0.0031204342,0.93912894,1.2725332,0.0005265221,0.12235514,810.45917,8.0
753,69.37,7.7,2598,12353536.0,-0.0030338445,0.64859414,1.271156,0.0006655483,0.15612793,810.55695,9.0
754,60.47,8.0,2663,12369920.0,-0.0030561222,0.66395384,1.2732393,0.0006393483,0.14878337,810.66095,9.0
755,57.83,7.9,2727,12386304.0,-0.0030528402,0.9152694,1.27513,0.00062710507,0.14579265,810.76434,8.0
756,67.04,7.1,2586,12402688.0,-0.0025628696,0.6315753,1.2896937,0.00056652125,0.13523357,810.8514,9.0
757,72.25,8.5,2435,12419072.0,-0.002843787,0.70627123,1.2552332,0.00051424786,0.12414551,810.9515,10.0
758,67.44,8.0,2417,12435456.0,-0.0029384478,0.91367054,1.2638284,0.00047061118,0.11891683,811.0195,7.0
759,69.95,7.9,2452,12451840.0,-0.0034029577,0.6492267,1.2788299,0.0006396768,0.15244548,811.0874,7.0
760,72.32,7.7,2543,12468224.0,-0.0026804667,0.6438142,1.286115,0.00051068375,0.12556966,811.1912,8.0
761,62.68,7.8,2643,12484608.0,-0.0022842134,0.7729399,1.2737705,0.00054397417,0.13647461,811.2751,7.0
762,65.45,8.1,2621,12500992.0,-0.002875616,0.79333526,1.2871786,0.0005223309,0.13100179,811.3386,9.0
763,57.2,8.2,2521,12517376.0,-0.0026140902,0.5580114,1.2616361,0.0005765629,0.13905843,811.3841,9.0
764,60.23,7.6,2367,12533760.0,-0.002964928,0.6999474,1.2932711,0.0005442042,0.1373291,811.45166,7.0
765,68.68,6.8,2434,12550144.0,-0.0033602796,0.63011277,1.3042539,0.0005538363,0.14453125,811.5461,6.0
766,82.52,7.7,2466,12566528.0,-0.0025649027,0.8281946,1.2996854,0.00056118873,0.14998372,811.6079,9.0
767,66.19,7.5,2723,12582912.0,-0.0031076141,0.79243875,1.2875068,0.00045640857,0.12618001,811.66187,7.0
768,63.18,8.3,2696,12599296.0,-0.003133852,0.73374456,1.2720935,0.00046294963,0.119791664,811.73535,8.0
769,56.88,7.8,2693,12615680.0,-0.0031751,0.72110295,1.2833215,0.0004735561,0.1303304,811.8191,8.0
770,83.83,6.9,2485,12632064.0,-0.0029821284,0.746012,1.2892863,0.000474688,0.13157146,811.8786,8.0
771,64.6,7.8,2425,12648448.0,-0.002812281,0.7693054,1.2875255,0.0005068041,0.14176433,811.9392,9.0
772,53.2,8.3,2375,12664832.0,-0.002903192,0.765109,1.2923878,0.0005531439,0.15319824,812.04205,9.0
773,64.95,7.7,2457,12681216.0,-0.0028387886,0.7245016,1.2967782,0.00045039164,0.12198893,812.1319,6.0
774,51.78,6.8,2576,12697600.0,-0.002322398,0.93725055,1.2759345,0.0004657571,0.13513184,812.1831,5.0
775,61.37,8.3,2641,12713984.0,-0.002873618,1.0934352,1.2955352,0.0004910755,0.14308675,812.28143,8.0
776,69.26,6.9,2818,12730368.0,-0.00256941,0.75723314,1.3024589,0.00047509625,0.14182536,812.3794,6.0
777,75.75,7.1,2480,12746752.0,-0.0029061192,0.81747556,1.3071364,0.00049669045,0.14609782,812.482,7.0
778,66.63,6.3,2398,12763136.0,-0.0028720086,0.7459962,1.3346535,0.00053092645,0.15218098,812.54645,7.0
779,59.15,7.6,2394,12779520.0,-0.0028344106,0.83953863,1.3046964,0.00045115742,0.131368,812.61334,9.0
780,79.17,8.4,2446,12795904.0,-0.0030280547,0.6330759,1.2997848,0.00046798444,0.13920085,812.71234,8.0
781,80.46,7.4,2605,12812288.0,-0.0023940797,0.67234343,1.3018192,0.00045518114,0.13474528,812.80054,7.0
782,66.97,8.1,2694,12828672.0,-0.0026868333,0.7584285,1.2890397,0.0004711471,0.14449055,812.8579,9.0
783,78.25,7.0,2677,12845056.0,-0.0030804856,0.97904867,1.2887666,0.00048986514,0.14424641,812.92694,7.0
784,55.21,8.8,2459,12861440.0,-0.0026766795,0.8324062,1.2724928,0.00044517624,0.14347331,813.0012,9.0
785,62.56,8.2,2446,12877824.0,-0.0016900938,0.6409477,1.2652214,0.00047598963,0.14567058,813.0576,9.0
786,70.45,8.1,2407,12894208.0,-0.0022056112,0.843901,1.2846925,0.00044107685,0.13850911,813.0915,6.0
787,71.86,7.7,2468,12910592.0,-0.0029869871,0.7105045,1.2625154,0.0005203203,0.16457112,813.17975,8.0
788,64.6,7.2,2625,12926976.0,-0.0025261838,0.71699524,1.2422293,0.00043633048,0.13741048,813.2927,8.0
789,68.86,7.5,2671,12943360.0,-0.0023748716,0.63981324,1.2963911,0.0004171567,0.14027913,813.3649,5.0
790,61.86,7.7,2637,12959744.0,-0.0026123205,0.57391924,1.3115902,0.0004723042,0.15327962,813.419,8.0
791,65.92,8.4,2557,12976128.0,-0.0027756237,0.7971384,1.298977,0.00042499148,0.14685059,813.4832,10.0
792,68.25,8.2,2378,12992512.0,-0.0029205938,0.6473235,1.2894133,0.00051769894,0.17767334,813.5676,7.0
793,75.9,7.2,2377,13008896.0,-0.0023536514,0.8222371,1.2600423,0.00043258572,0.1527303,813.6424,8.0
794,54.2,8.7,2432,13025280.0,-0.0027901512,0.70594186,1.2438456,0.00039024433,0.14263916,813.7236,9.0
795,68.33,8.4,2560,13041664.0,-0.0027059393,0.8215174,1.2568458,0.00036085755,0.13246663,813.7964,8.0
796,61.3,8.9,2839,13058048.0,-0.0023288738,0.8648868,1.254516,0.0003926107,0.14076741,813.8489,9.0
797,67.28,8.4,2652,13074432.0,-0.0026086066,0.7543246,1.2613996,0.00041586938,0.15340169,813.8918,9.0
798,62.15,7.1,2437,13090816.0,-0.0022943458,0.7467804,1.2398008,0.00038563545,0.14278157,813.9605,7.0
799,66.84,7.6,2413,13107200.0,-0.0018158538,0.81494594,1.2725593,0.00039745754,0.1473999,814.0253,5.0
800,65.9,7.6,2411,13123584.0,-0.0027552545,0.7448364,1.2952775,0.00036719794,0.13391113,814.08276,7.0
801,69.53,7.9,2458,13139968.0,-0.0024012402,0.7865686,1.2764932,0.00036863008,0.14105225,814.1364,9.0
802,59.05,8.2,2609,13156352.0,-0.0024359212,0.6885805,1.2944412,0.00038419152,0.1507365,814.19946,9.0
803,61.84,7.7,2737,13172736.0,-0.0025484858,0.77756494,1.2952993,0.00039615194,0.15486653,814.26984,5.0
804,58.72,7.9,2711,13189120.0,-0.0021994337,0.69875187,1.2706026,0.00040984782,0.14748128,814.32306,7.0
805,77.72,8.3,2486,13205504.0,-0.0026665991,0.7502164,1.2704027,0.0004306093,0.17283122,814.4031,9.0
806,61.21,7.7,2375,13221888.0,-0.0022811708,0.7821824,1.2685654,0.0003306341,0.13224284,814.4821,8.0
807,60.53,7.5,2416,13238272.0,-0.002333095,0.6777494,1.2953862,0.00036209534,0.14882405,814.53784,10.0
808,60.6,9.0,2399,13254656.0,-0.0024680782,0.6672161,1.2909507,0.00039788676,0.15999348,814.6045,10.0
809,77.52,7.4,2606,13271040.0,-0.0021481954,0.6530532,1.2953721,0.00036828688,0.1482137,814.67645,8.0
810,56.31,8.9,2638,13287424.0,-0.0018506903,0.72337556,1.2972444,0.00034751606,0.15000407,814.7526,7.0
811,57.71,8.6,2600,13303808.0,-0.0022337968,0.67328477,1.3224804,0.00038173873,0.15167236,814.8313,9.0
812,59.62,8.5,2512,13320192.0,-0.0025845903,0.61820275,1.3138872,0.00035920928,0.15946452,814.89655,8.0
813,72.73,8.4,2431,13336576.0,-0.0022083696,0.6228463,1.3222755,0.000432997,0.18011475,814.9724,9.0
814,106.33,8.0,2474,13352960.0,-0.0022513068,0.6081932,1.331111,0.00033835115,0.14652507,815.04297,5.0
815,62.55,8.2,2509,13369344.0,-0.002155693,0.6806564,1.3370143,0.00033659465,0.14418538,815.1255,7.0
816,84.29,7.9,2673,13385728.0,-0.0019483245,0.588208,1.3003618,0.00039673678,0.16882324,815.21564,9.0
817,75.46,8.3,2729,13402112.0,-0.0019589204,0.67531276,1.2598107,0.00031762026,0.14182536,815.2634,7.0
818,65.87,7.6,2672,13418496.0,-0.0021482946,0.72460395,1.2983363,0.00034986972,0.15635173,815.3288,8.0
819,57.01,7.3,2550,13434880.0,-0.0022956587,0.7166639,1.2836691,0.00031532315,0.1484782,815.37866,6.0
820,57.05,8.1,2464,13451264.0,-0.002201288,0.5783614,1.2999908,0.000342501,0.16204834,815.44293,10.0
821,62.02,8.3,2433,13467648.0,-0.0021749968,0.47027245,1.3152021,0.00032166135,0.153951,815.5041,8.0
822,58.76,7.9,2397,13484032.0,-0.0018472965,0.6300077,1.3082088,0.00034388065,0.16103108,815.5305,7.0
823,56.97,8.4,2612,13500416.0,-0.0020408868,0.60865045,1.3001693,0.00034768425,0.16084798,815.5788,8.0
824,54.9,8.5,2802,13516800.0,-0.0021275363,0.48754907,1.3142958,0.00029418952,0.14538574,815.6219,7.0
825,56.55,8.7,2773,13533184.0,-0.002004638,0.53352565,1.355565,0.00036131009,0.17897542,815.6673,8.0
826,53.5,8.7,2769,13549568.0,-0.002550832,0.5606536,1.3122851,0.0003160629,0.1587321,815.7229,8.0
827,51.58,7.8,2395,13565952.0,-0.0020926862,0.7708728,1.3236365,0.0003193811,0.16874187,815.7742,8.0
828,71.16,7.3,2411,13582336.0,-0.0019896731,0.6486718,1.3152381,0.00026035067,0.14176433,815.8387,7.0
829,73.41,8.7,2427,13598720.0,-0.0021039469,0.5524077,1.2941202,0.0002972248,0.15677898,815.9045,9.0
830,78.43,7.1,2599,13615104.0,-0.0017674128,0.82757425,1.2844442,0.0002414864,0.13163249,815.95386,8.0
831,78.15,8.5,2629,13631488.0,-0.002147042,0.51198554,1.2828131,0.00034033423,0.17112224,816.00287,10.0
832,58.61,8.0,2667,13647872.0,-0.0017818087,0.64907885,1.2849396,0.00024022009,0.13267009,816.04034,8.0
833,73.49,8.5,2633,13664256.0,-0.0021357671,0.7436564,1.280827,0.00027760086,0.15352376,816.07965,9.0
834,59.42,8.9,2428,13680640.0,-0.0016614851,0.70133346,1.2883614,0.00033186458,0.17360432,816.12836,10.0
835,63.15,8.4,2520,13697024.0,-0.0020652933,0.6980901,1.2621063,0.00026478758,0.15041097,816.177,7.0
836,77.93,7.0,2404,13713408.0,-0.0018429972,0.78460664,1.2995645,0.00023955504,0.1383667,816.21625,7.0
837,61.24,8.4,2643,13729792.0,-0.0019430536,0.664609,1.2761358,0.0002693986,0.15942383,816.24976,8.0
838,73.73,8.2,2705,13746176.0,-0.001593728,0.77361315,1.2849361,0.00031211958,0.1912028,816.31006,10.0
839,62.53,8.4,2620,13762560.0,-0.0017890353,0.6604835,1.2834929,0.00027629492,0.15960693,816.3725,7.0
840,63.71,8.1,2488,13778944.0,-0.0018731449,0.72094864,1.2840563,0.0002458089,0.15450032,816.4327,8.0
841,56.6,8.6,2418,13795328.0,-0.001964527,0.7349,1.2929655,0.0002617736,0.16900635,816.46954,9.0
842,57.8,9.4,2391,13811712.0,-0.0019021026,0.5601446,1.3001591,0.00024351313,0.16235352,816.5009,10.0
843,94.15,7.6,2402,13828096.0,-0.0017409641,0.7096328,1.3328329,0.00027333634,0.17726643,816.5345,8.0
844,57.42,9.0,2598,13844480.0,-0.0018289083,0.58072025,1.305102,0.00024372792,0.16052246,816.58026,8.0
845,72.24,8.3,2689,13860864.0,-0.0020416155,0.65745884,1.2984623,0.0002880706,0.17936198,816.6303,8.0
846,66.5,8.2,2781,13877248.0,-0.0017005093,0.73208696,1.2791158,0.00023572858,0.16101074,816.6689,10.0
847,62.96,7.8,2480,13893632.0,-0.0019512937,0.6970749,1.2854201,0.00022242054,0.15197754,816.69977,6.0
848,59.76,8.5,2474,13910016.0,-0.0017919339,0.49369714,1.286743,0.0002196699,0.15452068,816.7329,9.0
849,57.61,7.5,2467,13926400.0,-0.0017279066,0.7301453,1.3158506,0.00024354972,0.16583252,816.7785,6.0
850,53.17,8.4,2468,13942784.0,-0.0018628532,0.6873875,1.290318,0.00022598486,0.16023763,816.8213,9.0
851,64.73,7.6,2573,13959168.0,-0.0015308233,0.7607704,1.3062805,0.00024215394,0.17468262,816.85254,9.0
852,81.39,7.7,2691,13975552.0,-0.0018144264,0.7019728,1.3009868,0.00019286713,0.1395467,816.87225,8.0
853,61.57,7.6,2653,13991936.0,-0.001459321,0.65510315,1.3122517,0.00017630741,0.13846843,816.9074,8.0
854,66.08,7.4,2498,14008320.0,-0.0020063252,0.59928936,1.2995776,0.00018855005,0.14670818,816.9489,8.0
855,68.23,7.1,2382,14024704.0,-0.0018036673,0.6887124,1.2963161,0.00021437665,0.16963704,816.97565,7.0
856,67.8,8.0,2384,14041088.0,-0.0015309838,0.6442081,1.3020028,0.00022050408,0.17751057,817.01544,8.0
857,66.15,7.7,2356,14057472.0,-0.0014312719,0.6824145,1.3091037,0.00018041111,0.14630127,817.0466,8.0
858,58.8,8.0,2562,14073856.0,-0.0017150305,0.89264345,1.2807062,0.00019315806,0.15553792,817.0669,8.0
859,63.67,7.7,2643,14090240.0,-0.0010417326,0.71564007,1.2823026,0.00020083332,0.1642863,817.09863,7.0
860,58.53,8.7,2737,14106624.0,-0.0017764489,0.5706961,1.2800368,0.00021953082,0.1828003,817.1494,9.0
861,81.76,7.7,2503,14123008.0,-0.0015185234,0.5684838,1.2913018,0.00021217116,0.17565918,817.2027,7.0
862,59.69,8.1,2416,14139392.0,-0.0017541935,0.5366195,1.3259779,0.00019842602,0.16746013,817.24164,7.0
863,62.71,8.0,2423,14155776.0,-0.0010687212,0.67567843,1.3236237,0.00023240958,0.20507812,817.2789,7.0
864,87.97,8.4,2418,14172160.0,-0.001737838,0.4771138,1.3348566,0.00018958437,0.16168213,817.3254,7.0
865,63.02,8.1,2482,14188544.0,-0.0013916092,0.59130865,1.2991676,0.00019138078,0.17140706,817.3748,8.0
866,81.58,7.6,2670,14204928.0,-0.0013111993,0.7105231,1.2810293,0.0001632966,0.15112305,817.4199,7.0
867,66.19,8.0,2706,14221312.0,-0.0013851179,0.70142126,1.2790866,0.00015434429,0.14060466,817.4726,7.0
868,66.61,7.6,2508,14237696.0,-0.0013856268,0.90626925,1.2757311,0.00013414977,0.13480632,817.50684,7.0
869,67.43,8.2,2437,14254080.0,-0.00134412,0.7756419,1.2774061,0.00016397581,0.15771484,817.5236,10.0
870,58.3,7.5,2394,14270464.0,-0.0012590005,0.6687424,1.2823653,0.0001620735,0.16465251,817.54486,7.0
871,60.34,7.4,2448,14286848.0,-0.0014279169,0.642853,1.2993132,0.00013541187,0.14029948,817.56494,5.0
872,66.2,7.9,2599,14303232.0,-0.001347551,0.5149086,1.3149172,0.0001707875,0.16780598,817.5911,7.0
873,54.55,7.2,2630,14319616.0,-0.0013905875,0.699898,1.294392,0.00015920983,0.16455078,817.61554,9.0
874,56.79,7.9,2645,14336000.0,-0.0017616287,0.58863527,1.3169068,0.00015693213,0.16811116,817.64996,10.0
875,65.47,8.0,2481,14352384.0,-0.0012119605,0.58854383,1.279884,0.00015308667,0.1683553,817.69214,9.0
876,61.31,8.4,2418,14368768.0,-0.0014627286,0.67888325,1.262647,0.00015007358,0.17075603,817.72736,7.0
877,79.88,8.4,2438,14385152.0,-0.0013635975,0.5778015,1.2712715,0.00015225801,0.16760254,817.764,9.0
878,67.89,7.8,2500,14401536.0,-0.0013146284,0.86699134,1.2735438,0.00012621109,0.1529948,817.79315,7.0
879,71.56,8.1,2627,14417920.0,-0.001414877,0.5650624,1.3173406,0.00013209718,0.15917969,817.8299,7.0
880,67.78,8.9,2751,14434304.0,-0.0014286168,0.4959196,1.300575,0.00013889848,0.16351318,817.86005,9.0
881,74.0,8.0,2635,14450688.0,-0.0012433602,0.5798645,1.2705816,0.00013678202,0.1731364,817.8858,8.0
882,65.13,8.2,2525,14467072.0,-0.001335818,0.6205246,1.2525032,0.00011336664,0.14530437,817.916,7.0
883,62.28,8.2,2423,14483456.0,-0.0013549199,0.5481574,1.2777436,0.0001462933,0.17960612,817.92596,7.0
884,81.65,8.3,2410,14499840.0,-0.0010343264,0.63169426,1.2581153,0.00011413943,0.15297444,817.9499,7.0
885,55.69,9.1,2403,14516224.0,-0.0014503873,0.7021055,1.2531228,0.000105803185,0.13899739,817.97,9.0
886,72.27,8.7,2636,14532608.0,-0.0011685182,0.71608037,1.2473365,0.00010429437,0.1381836,817.99005,7.0
887,66.11,8.2,2805,14548992.0,-0.0012653918,0.643266,1.2321268,0.00011563302,0.15743001,818.0103,9.0
888,73.96,7.8,2755,14565376.0,-0.0011586178,0.72366834,1.2337387,0.00010386595,0.15179443,818.0245,7.0
889,58.01,7.8,2530,14581760.0,-0.0012100467,0.5977922,1.2463021,0.00011272345,0.15844727,818.0407,8.0
890,56.75,7.6,2424,14598144.0,-0.00096254004,0.8029898,1.2429613,9.2157825e-05,0.1395467,818.0496,7.0
891,85.58,8.2,2441,14614528.0,-0.0013410305,0.7253036,1.2721878,8.691298e-05,0.13169353,818.0766,8.0
892,57.44,8.1,2440,14630912.0,-0.0009428985,0.8280949,1.245779,9.387642e-05,0.14524333,818.10614,7.0
893,66.02,8.6,2666,14647296.0,-0.0010374844,0.6878979,1.2591671,8.4324536e-05,0.14215088,818.1241,8.0
894,56.31,8.3,2728,14663680.0,-0.0011872904,0.6273414,1.281429,0.00010953332,0.16005452,818.13446,8.0
895,81.17,7.8,2671,14680064.0,-0.0009621324,0.6115635,1.2740909,9.460614e-05,0.15740967,818.14874,9.0
896,59.76,8.7,2408,14696448.0,-0.0009094567,0.6603543,1.2564682,8.774619e-05,0.15157063,818.164,10.0
897,67.68,7.5,2457,14712832.0,-0.0010119602,0.8060635,1.2296175,9.9314966e-05,0.16977946,818.16895,7.0
898,55.66,9.0,2399,14729216.0,-0.0009399345,0.6455667,1.2703847,0.00010356005,0.18503825,818.1714,10.0
899,52.97,8.7,2406,14745600.0,-0.00089283317,0.54736036,1.2820711,8.01318e-05,0.1494344,818.18256,7.0
900,63.77,8.1,2553,14761984.0,-0.0011022369,0.7539683,1.2918574,7.8701734e-05,0.15409343,818.1923,10.0
901,52.72,7.9,2883,14778368.0,-0.0011379351,0.73415613,1.2408814,7.478166e-05,0.14876302,818.21045,7.0
902,54.25,8.1,2818,14794752.0,-0.0011870806,0.63518494,1.2627307,8.280225e-05,0.16489665,818.22876,9.0
903,59.22,9.1,2536,14811136.0,-0.0009164384,0.7329407,1.2737108,8.3924104e-05,0.17472331,818.23773,9.0
904,59.89,8.6,2399,14827520.0,-0.0010730774,0.72378653,1.2817247,7.0609814e-05,0.15393066,818.2429,10.0
905,66.11,8.0,2469,14843904.0,-0.0010030135,0.72998613,1.2881624,7.33796e-05,0.16945393,818.273,10.0
906,54.84,7.0,2407,14860288.0,-0.0009981514,0.73391485,1.2635269,6.30264e-05,0.14503987,818.3001,5.0
907,57.69,7.9,2579,14876672.0,-0.00093100016,0.91633135,1.2406236,6.719925e-05,0.15777588,818.32904,7.0
908,65.75,8.4,2721,14893056.0,-0.00084177824,0.5228172,1.243138,8.857223e-05,0.20151775,818.35175,10.0
909,56.59,8.2,2772,14909440.0,-0.0009871329,0.60936695,1.287742,6.079081e-05,0.15319824,818.3653,8.0
910,70.44,7.5,2526,14925824.0,-0.00090988167,0.727341,1.3042414,7.589301e-05,0.19165039,818.3828,8.0
911,65.44,8.2,2436,14942208.0,-0.0008104627,0.6684037,1.2839133,5.912258e-05,0.16444905,818.4036,7.0
912,61.54,7.1,2454,14958592.0,-0.00096262834,0.76855445,1.2873093,5.8438236e-05,0.16013591,818.41284,6.0
913,66.1,8.5,2429,14974976.0,-0.00069759274,0.6213827,1.2755477,6.914734e-05,0.1901652,818.41113,9.0
914,63.37,7.6,2623,14991360.0,-0.0006034395,0.8041074,1.2882293,5.652659e-05,0.1755778,818.4095,7.0
915,59.46,7.4,2614,15007744.0,-0.00085359643,0.9069545,1.272684,4.7289057e-05,0.14239502,818.4245,10.0
916,68.22,7.5,2646,15024128.0,-0.0007760276,0.9465084,1.2746518,4.818685e-05,0.1496582,818.435,7.0
917,95.21,8.2,2448,15040512.0,-0.0008036145,0.6419395,1.2609483,5.03245e-05,0.15256755,818.44604,10.0
918,60.35,8.3,2403,15056896.0,-0.00083159516,0.81922626,1.2577146,5.0991544e-05,0.16078694,818.458,9.0
919,62.82,9.0,2407,15073280.0,-0.00055523496,0.7315082,1.2634772,4.9791663e-05,0.17213948,818.4724,9.0
920,63.4,8.0,2405,15089664.0,-0.00071164354,0.58094543,1.2715977,4.6763973e-05,0.16469319,818.4778,9.0
921,71.63,7.9,2587,15106048.0,-0.00066179613,0.6551071,1.2959946,4.218023e-05,0.15474446,818.48126,9.0
922,70.61,8.1,2748,15122432.0,-0.0007321157,0.7197566,1.2593331,4.3482974e-05,0.1629842,818.486,10.0
923,60.32,8.6,2753,15138816.0,-0.0006770077,0.8493338,1.2517889,3.8061018e-05,0.15226237,818.5022,10.0
924,53.64,7.8,2648,15155200.0,-0.00075099897,0.75096774,1.2503791,3.6482434e-05,0.14676921,818.5186,6.0
925,63.21,8.3,2402,15171584.0,-0.0005682894,0.71029836,1.2560202,4.5363337e-05,0.18385823,818.53217,9.0
926,65.61,7.6,2434,15187968.0,-0.00057681673,0.8124042,1.260563,3.512309e-05,0.1529541,818.54755,6.0
927,58.02,8.3,2403,15204352.0,-0.0006305555,0.9056418,1.2720467,3.3036067e-05,0.1540324,818.5564,10.0
928,64.95,7.5,2558,15220736.0,-0.0007824095,0.7022693,1.2453023,3.114885e-05,0.14819336,818.5618,9.0
929,61.48,8.7,2656,15237120.0,-0.00066035567,0.67972296,1.2539918,3.1559124e-05,0.16762288,818.5705,10.0
930,66.69,7.6,2638,15253504.0,-0.0005465128,0.7105008,1.2511581,2.9480861e-05,0.15942383,818.5823,8.0
931,81.38,9.0,2498,15269888.0,-0.0005922297,0.5214063,1.2542051,3.2373504e-05,0.17710368,818.5931,7.0
932,60.87,8.8,2401,15286272.0,-0.0006193235,0.7456655,1.2790313,2.9092344e-05,0.16741943,818.5991,7.0
933,71.91,8.0,2436,15302656.0,-0.00061991136,0.6366045,1.2655407,2.840139e-05,0.17118327,818.60284,9.0
934,71.09,7.8,2411,15319040.0,-0.00057315285,0.75491595,1.2495697,2.5297522e-05,0.15679932,818.6027,8.0
935,64.95,8.5,2584,15335424.0,-0.0005659135,0.6572674,1.2441403,2.8777025e-05,0.18025716,818.60846,9.0
936,63.18,8.5,2739,15351808.0,-0.0005402133,0.72952604,1.2481407,2.5171832e-05,0.16335042,818.6167,9.0
937,61.7,8.4,2751,15368192.0,-0.00061281916,0.666493,1.25712,2.1617832e-05,0.15704346,818.623,7.0
938,78.9,8.0,2466,15384576.0,-0.0004343719,0.7805026,1.247062,2.2445936e-05,0.17344157,818.62787,7.0
939,56.26,7.6,2405,15400960.0,-0.00051212515,0.6993242,1.2397479,1.9580988e-05,0.16290283,818.6375,7.0
940,59.83,8.2,2369,15417344.0,-0.00049455656,0.6571652,1.2497287,1.8153654e-05,0.15761311,818.6516,5.0
941,50.67,8.8,2385,15433728.0,-0.00039048886,0.72056407,1.2904171,2.1418766e-05,0.19663493,818.6575,10.0
942,58.12,8.4,2597,15450112.0,-0.00037207504,0.7614469,1.2516687,1.7366256e-05,0.16548665,818.6648,10.0
943,55.46,8.4,2676,15466496.0,-0.00043902104,0.6485602,1.2515144,1.695494e-05,0.17445882,818.67096,9.0
944,65.62,7.9,2664,15482880.0,-0.00044693495,0.7740426,1.2597612,1.5118756e-05,0.16727702,818.6796,9.0
945,57.36,7.8,2476,15499264.0,-0.00043005656,0.6789269,1.2540311,1.5705476e-05,0.1719157,818.68427,7.0
946,54.4,9.0,2396,15515648.0,-0.00035356436,0.70025927,1.2926848,1.4960151e-05,0.17978923,818.6906,9.0
947,57.76,9.2,2464,15532032.0,-0.00037782246,0.48161557,1.2805923,1.6034694e-05,0.19488525,818.6928,9.0
948,53.61,7.7,2471,15548416.0,-0.0003376206,0.689965,1.2617632,1.0701276e-05,0.15327962,818.6948,7.0
949,65.19,8.2,2640,15564800.0,-0.00042265013,0.71495396,1.2878896,1.2652775e-05,0.18204753,818.6982,7.0
950,57.53,8.0,2799,15581184.0,-0.0003112347,0.51290745,1.2920076,1.1033849e-05,0.18332927,818.6992,9.0
951,64.54,8.2,2671,15597568.0,-0.00030507238,0.6502035,1.2631549,1.1098661e-05,0.18100993,818.7029,7.0
952,59.17,9.4,2531,15613952.0,-0.0003308277,0.7205247,1.2286204,9.941563e-06,0.1794637,818.70734,10.0
953,58.38,8.5,2448,15630336.0,-0.00032380092,0.5537518,1.2408643,9.408505e-06,0.19132487,818.709,9.0
954,59.19,8.8,2413,15646720.0,-0.00028058025,0.784645,1.2247581,6.2323093e-06,0.14361572,818.71246,9.0
955,56.82,8.3,2397,15663104.0,-0.00026207775,0.6491964,1.226936,6.5065137e-06,0.1605428,818.7149,6.0
956,62.42,9.0,2693,15679488.0,-0.00028510258,0.46988413,1.2431382,6.6896046e-06,0.17944336,818.719,10.0
957,66.23,8.0,2728,15695872.0,-0.0002551609,0.7532208,1.2244724,5.4857246e-06,0.16715495,818.7234,8.0
958,72.28,8.3,2632,15712256.0,-0.00019831053,0.78741044,1.2347573,5.24994e-06,0.17708333,818.72943,10.0
959,50.9,8.3,2574,15728640.0,-0.0001737858,0.7529864,1.270866,4.774787e-06,0.18526204,818.7351,7.0
960,62.23,8.0,2406,15745024.0,-0.00018417335,0.6534197,1.2708176,4.3214036e-06,0.18969727,818.738,6.0
961,88.35,8.0,2416,15761408.0,-0.0001995127,0.62301356,1.2890679,4.147603e-06,0.20123291,818.741,5.0
962,82.48,8.0,2415,15777792.0,-0.00019794739,0.5881488,1.2903465,3.083638e-06,0.17059326,818.74493,10.0
963,66.93,8.1,2623,15794176.0,-0.00014433746,0.69532245,1.2723912,2.8195152e-06,0.17346191,818.74756,10.0
964,71.62,8.0,2653,15810560.0,-0.00011610851,0.68246293,1.2551603,2.7780734e-06,0.19563802,818.7496,7.0
965,62.88,7.9,2738,15826944.0,-0.00013731145,0.62384063,1.2640043,2.2080237e-06,0.19022624,818.75244,7.0
966,67.63,7.7,2552,15843328.0,-0.000101994294,0.6663895,1.2711859,1.9695337e-06,0.19177246,818.7529,7.0
967,56.87,7.2,2410,15859712.0,-0.000109241846,0.6565016,1.2584487,1.809456e-06,0.22143555,818.75385,7.0
968,62.57,8.4,2386,15876096.0,-8.537835e-05,0.68928045,1.2862121,1.3482145e-06,0.22281902,818.7547,8.0
969,60.77,7.9,2433,15892480.0,-5.987541e-05,0.51988053,1.2863194,9.8823e-07,0.21126302,818.7552,7.0
970,81.31,7.7,2567,15908864.0,-4.074429e-05,0.47303665,1.2970954,9.855743e-07,0.261027,818.75665,8.0
971,68.95,7.8,2647,15925248.0,-3.1804502e-05,0.73311013,1.270648,7.9381374e-07,0.27600098,818.7576,6.0
972,59.59,8.1,2835,15941632.0,-1.2078915e-05,0.6972518,1.2638853,5.979385e-07,0.30126953,818.759,9.0
973,66.33,8.2,2480,15958016.0,3.4890254e-06,0.73553324,1.2560148,4.871185e-07,0.35882568,818.7598,8.0
974,60.41,8.9,2413,15974400.0,3.2189626e-05,0.62872005,1.2557319,3.8882823e-07,0.45088705,818.7605,10.0
975,67.63,7.7,2372,15990784.0,8.880415e-05,0.7717345,1.2830837,3.6233735e-07,0.6555379,818.7609,9.0
